"번호","레벨","섹션","유형","id","스크립트/지문","문제","보기1","보기2","보기3","보기4","정답번호","정답내용","참고(일본어해설)","정답OK(Y/N)","검수의견"
"1","TOPIK I (1〜2級)","듣기","듣기","l-ans-student","남자: 학생이에요? 여자: ___","問いに合う答えを選んでください。","네, 학생이에요.","아니요, 학생을 좋아해요.","네, 학생이 없어요.","아니요, 학생이 와요.","1","네, 학생이에요.","「학생이에요?(学生ですか)」には はい/いいえ で答える。肯定は「네, 학생이에요」。","",""
"2","TOPIK I (1〜2級)","듣기","듣기","l-ans-japanese","여자: 일본 사람이에요? 남자: ___","問いに合う答えを選んでください。","네, 일본 사람이에요.","아니요, 일본에 가요.","네, 일본을 좋아해요.","아니요, 일본이 멀어요.","1","네, 일본 사람이에요.","「일본 사람이에요?(日本人ですか)」への自然な肯定は「네, 일본 사람이에요」。","",""
"3","TOPIK I (1〜2級)","듣기","듣기","l-ans-sibling","남자: 동생이 있어요? 여자: ___","問いに合う答えを選んでください。","아니요, 동생이 없어요.","네, 동생을 만나요.","아니요, 동생이 와요.","네, 동생에 가요.","1","아니요, 동생이 없어요.","「있어요?(いますか)」の否定は「없어요(いません)」。","",""
"4","TOPIK I (1〜2級)","듣기","듣기","l-wh-what","여자: 이게 뭐예요? 남자: ___","問いに合う答えを選んでください。","책이에요.","책을 읽어요.","책이 좋아요.","책이 많아요.","1","책이에요.","「뭐예요?(何ですか)」にはモノで答える →「책이에요(本です)」。","",""
"5","TOPIK I (1〜2級)","듣기","듣기","l-wh-where","남자: 어디에 가요? 여자: ___","問いに合う答えを選んでください。","학교에 가요.","친구를 만나요.","버스를 타요.","지금 가요.","1","학교에 가요.","「어디에 가요?(どこへ行きますか)」には場所 →「학교에 가요」。","",""
"6","TOPIK I (1〜2級)","듣기","듣기","l-wh-time","여자: 지금 몇 시예요? 남자: ___","問いに合う答えを選んでください。","세 시예요.","세 개예요.","삼 일이에요.","세 명이에요.","1","세 시예요.","「몇 시예요?(何時ですか)」には時刻 →「세 시(3時)」。「세 개」は個数。","",""
"7","TOPIK I (1〜2級)","듣기","듣기","l-wh-birthday","남자: 생일이 언제예요? 여자: ___","問いに合う答えを選んでください。","오월 십오 일이에요.","네 명이에요.","세 시예요.","학교에 가요.","1","오월 십오 일이에요.","「언제예요?(いつですか)」には日付 →「오월 십오 일(5月15日)」。","",""
"8","TOPIK I (1〜2級)","듣기","듣기","l-wh-family","여자: 가족이 몇 명이에요? 남자: ___","問いに合う答えを選んでください。","네 명이에요.","네 시예요.","네 개예요.","네 권이에요.","1","네 명이에요.","人数を聞く「몇 명이에요?」には「~명(人)」→「네 명(4人)」。","",""
"9","TOPIK I (1〜2級)","듣기","듣기","l-wh-who","남자: 누구를 만나요? 여자: ___","問いに合う答えを選んでください。","친구를 만나요.","학교에 가요.","책을 읽어요.","집에 있어요.","1","친구를 만나요.","「누구를 만나요?(誰に会いますか)」には人 →「친구를 만나요」。","",""
"10","TOPIK I (1〜2級)","듣기","듣기","l-greet-thanks","남자: 고맙습니다. 여자: ___","続く言葉として正しいものを選んでください。","아니에요.","어서 오세요.","안녕하세요.","미안해요.","1","아니에요.","「고맙습니다(ありがとう)」への返事は「아니에요(どういたしまして)」。","",""
"11","TOPIK I (1〜2級)","듣기","듣기","l-greet-goodbye","남자: 안녕히 가세요. 여자: ___","続く言葉として正しいものを選んでください。","안녕히 계세요.","안녕히 가세요.","잘 먹겠습니다.","처음 뵙겠습니다.","1","안녕히 계세요.","去る人に「안녕히 가세요」、残る人は「안녕히 계세요」と返す。","",""
"12","TOPIK I (1〜2級)","듣기","듣기","l-greet-firstmeet","남자: 처음 뵙겠습니다. 여자: ___","続く言葉として正しいものを選んでください。","만나서 반갑습니다.","안녕히 가세요.","잘 먹겠습니다.","아니에요.","1","만나서 반갑습니다.","「처음 뵙겠습니다(はじめまして)」には「만나서 반갑습니다(お会いできてうれしい)」。","",""
"13","TOPIK I (1〜2級)","듣기","듣기","l-greet-meal","여자: 맛있게 드세요. 남자: ___","続く言葉として正しいものを選んでください。","잘 먹겠습니다.","안녕히 계세요.","괜찮아요.","반갑습니다.","1","잘 먹겠습니다.","「맛있게 드세요(召し上がれ)」には「잘 먹겠습니다(いただきます)」。","",""
"14","TOPIK I (1〜2級)","듣기","듣기","l-greet-sorry","남자: 죄송합니다. 여자: ___","続く言葉として正しいものを選んでください。","괜찮아요.","고맙습니다.","안녕하세요.","잘 먹겠습니다.","1","괜찮아요.","「죄송합니다(すみません)」には「괜찮아요(大丈夫です)」。","",""
"15","TOPIK I (1〜2級)","듣기","듣기","l-place-shop","여자: 사과 한 개에 얼마예요? 남자: 천 원이에요. 여자: 그럼 세 개 주세요.","ここはどこですか。","가게","학교","병원","은행","1","가게","値段「얼마예요?」と「~개 주세요」のやり取り → 店(가게)。","",""
"16","TOPIK I (1〜2級)","듣기","듣기","l-place-salon","여자: 머리를 자르고 싶어요. 남자: 네, 어떻게 해 드릴까요?","ここはどこですか。","미용실","도서관","식당","공항","1","미용실","「머리를 자르다(髪を切る)」→ 美容室(미용실)。","",""
"17","TOPIK I (1〜2級)","듣기","듣기","l-place-bank","남자: 통장을 만들고 싶어요. 여자: 신분증 주세요.","ここはどこですか。","은행","병원","가게","학교","1","은행","「통장(通帳)」「신분증(身分証)」→ 銀行(은행)。","",""
"18","TOPIK I (1〜2級)","듣기","듣기","l-place-cinema","여자: 표 두 장 주세요. 남자: 몇 시 영화를 보시겠어요?","ここはどこですか。","영화관","식당","서점","공원","1","영화관","「표(チケット)」「영화(映画)」→ 映画館(영화관)。","",""
"19","TOPIK I (1〜2級)","듣기","듣기","l-place-hospital","남자: 어디가 아프세요? 여자: 어제부터 머리가 아파요.","ここはどこですか。","병원","약국","학교","회사","1","병원","「어디가 아프세요?(どこが痛いですか)」→ 病院(병원)。","",""
"20","TOPIK I (1〜2級)","듣기","듣기","l-topic-weekend","여자: 주말에 뭐 했어요? 남자: 영화를 봤어요. 여자: 재미있었어요?","二人は何について話していますか。","주말","날씨","음식","가족","1","주말","「주말에 뭐 했어요?(週末に何をした)」→ 週末(주말)の話。","",""
"21","TOPIK I (1〜2級)","듣기","듣기","l-topic-family","여자: 가족이 몇 명이에요? 남자: 네 명이에요. 부모님하고 동생이 있어요.","二人は何について話していますか。","가족","직업","날씨","여행","1","가족","「가족이 몇 명」「부모님하고 동생」→ 家族(가족)。","",""
"22","TOPIK I (1〜2級)","듣기","듣기","l-topic-sport","여자: 무슨 운동을 좋아해요? 남자: 저는 수영을 좋아해요.","二人は何について話していますか。","운동","공부","음식","계절","1","운동","「무슨 운동을 좋아해요?」「수영(水泳)」→ 運動(운동)。","",""
"23","TOPIK I (1〜2級)","듣기","듣기","l-topic-job","여자: 어디에서 일해요? 남자: 회사에서 일해요.","二人は何について話していますか。","직업","취미","학교","여행","1","직업","「어디에서 일해요?(どこで働く)」「회사」→ 職業(직업)。","",""
"24","TOPIK I (1〜2級)","듣기","듣기","l-do-music","여자: 뭐 해요? 남자: 음악을 들어요.","男性は今、何をしていますか。","음악을 들어요.","텔레비전을 봐요.","밥을 먹어요.","책을 읽어요.","1","음악을 들어요.","男性は「음악을 들어요(音楽を聞く)」と言っている。","",""
"25","TOPIK I (1〜2級)","듣기","듣기","l-do-coffee","남자: 커피 마실래요? 여자: 네, 좋아요. 제가 살게요.","女性はこのあと何をしますか。","커피를 삽니다.","집에 갑니다.","책을 읽습니다.","밥을 만듭니다.","1","커피를 삽니다.","女性が「제가 살게요(私が買います)」→ 女性がコーヒーを買う。","",""
"26","TOPIK I (1〜2級)","듣기","듣기","l-match-hiking","남자: 내일 같이 등산 갈래요? 여자: 미안해요. 내일은 일이 있어요. 다음에 가요.","内容と同じものを選んでください。","여자는 내일 등산을 안 갑니다.","여자는 내일 등산을 갑니다.","남자는 일이 있습니다.","두 사람은 오늘 등산을 했습니다.","1","여자는 내일 등산을 안 갑니다.","女性は「일이 있어요(用事がある)」と断った → 明日は登山に行かない。","",""
"27","TOPIK I (1〜2級)","듣기","듣기","l-mind-korean","여자: 한국어 공부가 어때요? 남자: 재미있어요. 그런데 좀 어려워요.","男性の中心となる考えを選んでください。","한국어 공부가 재미있습니다.","한국어 공부를 안 합니다.","한국어 공부가 쉽습니다.","한국어 공부가 재미없습니다.","1","한국어 공부가 재미있습니다.","「재미있어요. 그런데 좀 어려워요」→ 中心は「面白い」。","",""
"28","TOPIK I (1〜2級)","듣기","듣기","l-match-weather","여자: 오늘 날씨가 어때요? 남자: 비가 와요. 그래서 우산을 가지고 왔어요.","内容と同じものを選んでください。","남자는 우산을 가지고 왔습니다.","오늘은 날씨가 맑습니다.","남자는 우산이 없습니다.","여자는 비를 좋아합니다.","1","남자는 우산을 가지고 왔습니다.","「비가 와요. 그래서 우산을 가지고 왔어요」→ 傘を持ってきた。","",""
"29","TOPIK I (1〜2級)","듣기","듣기","l-ans-time","남자: 시간 있어요? 여자: ___","問いに合う答えを選んでください。","네, 시간 있어요.","아니요, 시계가 없어요.","네, 시간을 봐요.","아니요, 시간에 가요.","1","네, 시간 있어요.","「시간 있어요?(時間ありますか)」→「네, 시간 있어요」。","",""
"30","TOPIK I (1〜2級)","듣기","듣기","l-ans-weather","여자: 날씨가 좋아요? 남자: ___","問いに合う答えを選んでください。","네, 아주 좋아요.","아니요, 날씨에 가요.","네, 날씨를 만나요.","아니요, 날씨가 와요.","1","네, 아주 좋아요.","「좋아요?(いいですか)」→「네, 아주 좋아요」。","",""
"31","TOPIK I (1〜2級)","듣기","듣기","l-wh-howmuch","여자: 이거 얼마예요? 남자: ___","問いに合う答えを選んでください。","오천 원이에요.","다섯 개예요.","오 층이에요.","다섯 시예요.","1","오천 원이에요.","「얼마예요?(いくら)」には値段 →「오천 원(5千ウォン)」。","",""
"32","TOPIK I (1〜2級)","듣기","듣기","l-wh-age","남자: 몇 살이에요? 여자: ___","問いに合う答えを選んでください。","스무 살이에요.","스무 개예요.","두 시예요.","이 층이에요.","1","스무 살이에요.","「몇 살이에요?(何歳)」には年齢 →「스무 살(20歳)」。","",""
"33","TOPIK I (1〜2級)","듣기","듣기","l-wh-job","여자: 직업이 뭐예요? 남자: ___","問いに合う答えを選んでください。","회사원이에요.","회사에 가요.","회사가 멀어요.","회사를 좋아해요.","1","회사원이에요.","「직업이 뭐예요?(職業は)」には職業 →「회사원(会社員)」。","",""
"34","TOPIK I (1〜2級)","듣기","듣기","l-greet-night","남자: 안녕히 주무세요. 여자: ___","続く言葉として正しいものを選んでください。","네, 안녕히 주무세요.","잘 먹겠습니다.","처음 뵙겠습니다.","어서 오세요.","1","네, 안녕히 주무세요.","就寝のあいさつ「안녕히 주무세요(おやすみなさい)」には同じ言葉を返す。","",""
"35","TOPIK I (1〜2級)","듣기","듣기","l-greet-order","여자: 어서 오세요. 뭘 드릴까요? 남자: ___","続く言葉として正しいものを選んでください。","커피 한 잔 주세요.","안녕히 가세요.","잘 먹겠습니다.","여기 있습니다.","1","커피 한 잔 주세요.","「뭘 드릴까요?(何にしますか)」→ 注文「커피 한 잔 주세요」。","",""
"36","TOPIK I (1〜2級)","듣기","듣기","l-place-postoffice","여자: 이 편지를 일본에 보내고 싶어요. 남자: 네, 무게를 달아 볼게요.","ここはどこですか。","우체국","은행","도서관","약국","1","우체국","「편지(手紙)」「보내다(送る)」→ 郵便局(우체국)。","",""
"37","TOPIK I (1〜2級)","듣기","듣기","l-place-restaurant","남자: 비빔밥 하나하고 냉면 하나 주세요. 여자: 네, 잠시만 기다리세요.","ここはどこですか。","식당","가게","병원","학교","1","식당","料理を注文している → 食堂(식당)。","",""
"38","TOPIK I (1〜2級)","듣기","듣기","l-place-pharmacy","여자: 머리가 아픈데 약 좀 주세요. 남자: 이 약을 하루 세 번 드세요.","ここはどこですか。","약국","병원","가게","미용실","1","약국","「약 좀 주세요(薬をください)」→ 薬局(약국)。","",""
"39","TOPIK I (1〜2級)","듣기","듣기","l-topic-hobby","여자: 취미가 뭐예요? 남자: 저는 그림 그리기를 좋아해요.","二人は何について話していますか。","취미","직업","운동","음식","1","취미","「취미가 뭐예요?(趣味は)」「그림 그리기(絵を描くこと)」→ 趣味(취미)。","",""
"40","TOPIK I (1〜2級)","듣기","듣기","l-topic-cold","남자: 오늘 정말 춥네요. 여자: 네, 어제보다 더 추워요.","二人は何について話していますか。","날씨","계절","시간","장소","1","날씨","「춥다(寒い)」の話 → 天気(날씨)。","",""
"41","TOPIK I (1〜2級)","듣기","듣기","l-do-cook","여자: 지금 뭐 해요? 남자: 저녁을 만들어요.","男性は今、何をしていますか。","요리를 합니다.","청소를 합니다.","운동을 합니다.","잠을 잡니다.","1","요리를 합니다.","「저녁을 만들어요(夕飯を作る)」→ 料理をしている。","",""
"42","TOPIK I (1〜2級)","듣기","듣기","l-match-late","남자: 왜 늦었어요? 여자: 버스를 놓쳐서 늦었어요.","内容と同じものを選んでください。","여자는 버스를 놓쳤습니다.","여자는 일찍 왔습니다.","남자가 늦었습니다.","여자는 택시를 탔습니다.","1","여자는 버스를 놓쳤습니다.","「버스를 놓쳐서(バスに乗り遅れて)」→ 女性はバスに乗り遅れた。","",""
"43","TOPIK I (1〜2級)","듣기","듣기","l3-l-ans-kimchi","여자: 김치 좋아해요? 남자: ___","問いに合う答えを選んでください。","네, 아주 좋아해요.","아니요, 김치에 가요.","네, 김치를 만나요.","아니요, 김치가 와요.","1","네, 아주 좋아해요.","「좋아해요?(好きですか)」→「네, 아주 좋아해요」。","",""
"44","TOPIK I (1〜2級)","듣기","듣기","l3-l-ans-rain","남자: 밖에 비가 와요? 여자: ___","問いに合う答えを選んでください。","네, 비가 와요.","아니요, 비를 좋아해요.","네, 비에 가요.","아니요, 비가 멀어요.","1","네, 비가 와요.","「비가 와요?(雨が降ってますか)」→「네, 비가 와요」。","",""
"45","TOPIK I (1〜2級)","듣기","듣기","l3-l-wh-day","여자: 오늘 무슨 요일이에요? 남자: ___","問いに合う答えを選んでください。","수요일이에요.","삼 일이에요.","세 시예요.","세 개예요.","1","수요일이에요.","「무슨 요일?(何曜日)」には曜日 →「수요일(水曜日)」。","",""
"46","TOPIK I (1〜2級)","듣기","듣기","l3-l-wh-date","남자: 오늘 며칠이에요? 여자: ___","問いに合う答えを選んでください。","십 일이에요.","열 시예요.","열 명이에요.","일요일이에요.","1","십 일이에요.","「며칠?(何日)」には日付 →「십 일(10日)」。","",""
"47","TOPIK I (1〜2級)","듣기","듣기","l3-l-wh-how-go","여자: 학교에 어떻게 가요? 남자: ___","問いに合う答えを選んでください。","버스로 가요.","학교에 가요.","친구하고 가요.","지금 가요.","1","버스로 가요.","「어떻게 가요?(どうやって行く)」には手段 →「버스로(バスで)」。","",""
"48","TOPIK I (1〜2級)","듣기","듣기","l3-l-greet-again","여자: 또 만나요. 남자: ___","続く言葉として正しいものを選んでください。","네, 또 만나요.","처음 뵙겠습니다.","잘 먹겠습니다.","어서 오세요.","1","네, 또 만나요.","「또 만나요(また会いましょう)」には同じ言葉を返す。","",""
"49","TOPIK I (1〜2級)","듣기","듣기","l3-l-place-bakery","여자: 갓 구운 빵 있어요? 남자: 네, 여기 식빵하고 단팥빵이 있어요.","ここはどこですか。","빵집","약국","은행","서점","1","빵집","「빵(パン)」を売っている → パン屋(빵집)。","",""
"50","TOPIK I (1〜2級)","듣기","듣기","l3-l-place-bookstore","남자: 이 책 얼마예요? 여자: 만 오천 원입니다.","ここはどこですか。","서점","도서관","가게","학교","1","서점","本を「얼마예요?」と買おうとしている → 書店(서점)。図書관は借りる所。","",""
"51","TOPIK I (1〜2級)","듣기","듣기","l3-l-place-busstop","여자: 이 버스 시청에 가요? 남자: 아니요, 다음 버스를 타세요.","ここはどこですか。","버스 정류장","기차역","공항","지하철역","1","버스 정류장","バスを待つ会話 → バス停(버스 정류장)。","",""
"52","TOPIK I (1〜2級)","듣기","듣기","l3-l-topic-food","여자: 무슨 음식을 좋아해요? 남자: 저는 불고기하고 비빔밥을 좋아해요.","二人は何について話していますか。","음식","운동","취미","여행","1","음식","「무슨 음식을 좋아해요?」→ 食べ物(음식)。","",""
"53","TOPIK I (1〜2級)","듣기","듣기","l3-l-topic-trip","여자: 방학에 어디 가요? 남자: 저는 제주도에 가요.","二人は何について話していますか。","여행","직업","가족","날씨","1","여행","「방학에 어디 가요?(休みにどこへ)」→ 旅行(여행)。","",""
"54","TOPIK I (1〜2級)","듣기","듣기","l3-l-do-clean","여자: 지금 뭐 해요? 남자: 방을 청소해요.","男性は今、何をしていますか。","청소를 합니다.","요리를 합니다.","공부를 합니다.","운동을 합니다.","1","청소를 합니다.","「방을 청소해요(部屋を掃除)」→ 掃除している。","",""
"55","TOPIK I (1〜2級)","듣기","듣기","l3-l-do-study","남자: 도서관에서 뭐 했어요? 여자: 시험공부를 했어요.","女性は図書館で何をしましたか。","공부를 했습니다.","잠을 잤습니다.","운동을 했습니다.","영화를 봤습니다.","1","공부를 했습니다.","「시험공부를 했어요(試験勉強をした)」→ 勉強した。","",""
"56","TOPIK I (1〜2級)","듣기","듣기","l3-l-match-gift","여자: 이 가방 새로 샀어요? 남자: 아니요, 생일 선물로 받았어요.","内容と同じものを選んでください。","남자는 가방을 선물로 받았습니다.","남자는 가방을 샀습니다.","가방이 작습니다.","남자는 가방이 없습니다.","1","남자는 가방을 선물로 받았습니다.","「생일 선물로 받았어요」→ かばんはプレゼントでもらった。","",""
"57","TOPIK I (1〜2級)","듣기","듣기","l4-l-wh-country","여자: 어느 나라에서 왔어요? 남자: ___","問いに合う答えを選んでください。","일본에서 왔어요.","일본에 가요.","일본을 좋아해요.","일본이 멀어요.","1","일본에서 왔어요.","「어느 나라에서 왔어요?(どの国から)」→「일본에서 왔어요」。","",""
"58","TOPIK I (1〜2級)","듣기","듣기","l4-l-wh-why","남자: 왜 학교에 안 갔어요? 여자: ___","問いに合う答えを選んでください。","아파서 못 갔어요.","학교에 가요.","친구를 만나요.","내일 가요.","1","아파서 못 갔어요.","「왜?(なぜ)」には理由 →「아파서 못 갔어요(具合が悪くて行けなかった)」。","",""
"59","TOPIK I (1〜2級)","듣기","듣기","l4-l-wh-which","여자: 어느 것이 더 좋아요? 남자: ___","問いに合う答えを選んでください。","이게 더 좋아요.","가게에 있어요.","두 개예요.","아주 좋아해요.","1","이게 더 좋아요.","「어느 것이 더 좋아요?(どれがいい)」→「이게 더 좋아요」。","",""
"60","TOPIK I (1〜2級)","듣기","듣기","l4-l-place-flower","남자: 장미꽃 열 송이 주세요. 여자: 네, 예쁘게 포장해 드릴게요.","ここはどこですか。","꽃집","빵집","옷 가게","약국","1","꽃집","「장미꽃(バラ)」を買う → 花屋(꽃집)。","",""
"61","TOPIK I (1〜2級)","듣기","듣기","l4-l-place-clothes","여자: 이 옷 입어 봐도 돼요? 남자: 네, 탈의실은 저쪽입니다.","ここはどこですか。","옷 가게","미용실","식당","서점","1","옷 가게","「입어 봐도 돼요?(試着していい)」「탈의실(試着室)」→ 服屋(옷 가게)。","",""
"62","TOPIK I (1〜2級)","듣기","듣기","l4-l-place-cafe","남자: 따뜻한 커피 한 잔 주세요. 여자: 드시고 가세요, 아니면 가지고 가세요?","ここはどこですか。","카페","식당","빵집","약국","1","카페","「커피 한 잔」「드시고 가세요/가지고 가세요」→ カフェ。","",""
"63","TOPIK I (1〜2級)","듣기","듣기","l4-l-place-subway","여자: 시청역까지 몇 정거장이에요? 남자: 세 정거장만 가시면 됩니다.","ここはどこですか。","지하철역","버스 정류장","공항","병원","1","지하철역","「시청역」「정거장(駅・停留所)」の会話 → 地下鉄の駅(지하철역)。","",""
"64","TOPIK I (1〜2級)","듣기","듣기","l4-l-topic-plan","여자: 이번 주말에 뭐 할 거예요? 남자: 친구들이랑 등산 가기로 했어요.","二人は何について話していますか。","주말 계획","직업","날씨","가족","1","주말 계획","「주말에 뭐 할 거예요?(週末の予定)」→ 週末の計画。","",""
"65","TOPIK I (1〜2級)","듣기","듣기","l4-l-topic-health","남자: 요즘 건강은 좀 어때요? 여자: 운동을 시작해서 그런지 많이 좋아졌어요.","二人は何について話していますか。","건강","취미","음식","여행","1","건강","「건강은 어때요?(健康は)」→ 健康。","",""
"66","TOPIK I (1〜2級)","듣기","듣기","l4-l-do-laundry","여자: 지금 뭐 해요? 남자: 빨래를 해요.","男性は今、何をしていますか。","빨래를 합니다.","설거지를 합니다.","청소를 합니다.","요리를 합니다.","1","빨래를 합니다.","「빨래를 해요(洗濯をする)」→ 洗濯している。","",""
"67","TOPIK I (1〜2級)","듣기","듣기","l4-l-do-dishes","남자: 밥 다 먹었으면 뭐 할 거예요? 여자: 설거지를 할 거예요.","女性はこのあと何をしますか。","설거지를 합니다.","빨래를 합니다.","잠을 잡니다.","운동을 합니다.","1","설거지를 합니다.","「설거지를 할 거예요(皿洗いをする)」→ 皿洗いをする。","",""
"68","TOPIK I (1〜2級)","듣기","듣기","l4-l-offer-help","여자: 짐이 무거워 보이는데 도와드릴까요? 남자: ___","続く言葉として正しいものを選んでください。","네, 감사합니다.","날씨가 참 좋네요.","맛있게 드세요.","안녕히 가세요.","1","네, 감사합니다.","「도와드릴까요?(手伝いましょうか)」→「네, 감사합니다」。","",""
"69","TOPIK I (1〜2級)","듣기","듣기","l4-l-suggest-eat","남자: 점심에 같이 비빔밥 먹을래요? 여자: ___","続く言葉として正しいものを選んでください。","좋아요, 그렇게 해요.","잘 먹겠습니다.","오랜만이에요.","처음 뵙겠습니다.","1","좋아요, 그렇게 해요.","「같이 먹을래요?(一緒に食べますか)」への同意 →「좋아요, 그렇게 해요」。","",""
"70","TOPIK I (1〜2級)","듣기","듣기","l4-l-match-umbrella","여자: 우산 안 가져왔어요? 남자: 네, 아침에는 안 왔는데 갑자기 비가 오네요.","内容と同じものを選んでください。","남자는 우산이 없습니다.","남자는 우산을 가져왔습니다.","아침부터 비가 왔습니다.","지금 비가 안 옵니다.","1","남자는 우산이 없습니다.","「우산 안 가져왔어요? 네」→ 男性は傘がない。朝は降っていなかった。","",""
"71","TOPIK I (1〜2級)","듣기","듣기","l5-l-wh-howlong","여자: 회사까지 얼마나 걸려요? 남자: ___","問いに合う答えを選んでください。","삼십 분쯤 걸려요.","세 번 갑니다.","회사에 가요.","버스를 타요.","1","삼십 분쯤 걸려요.","「얼마나 걸려요?(どのくらいかかる)」には所要時間 →「삼십 분쯤」。","",""
"72","TOPIK I (1〜2級)","듣기","듣기","l5-l-wh-color","남자: 무슨 색을 좋아해요? 여자: ___","問いに合う答えを選んでください。","파란색을 좋아해요.","색을 봐요.","가게에 있어요.","두 개예요.","1","파란색을 좋아해요.","「무슨 색?(何色)」→「파란색(青)」。","",""
"73","TOPIK I (1〜2級)","듣기","듣기","l5-l-wh-times","여자: 일주일에 몇 번 운동해요? 남자: ___","問いに合う答えを選んでください。","세 번 해요.","세 시에 해요.","세 명이에요.","운동을 좋아해요.","1","세 번 해요.","「몇 번?(何回)」には回数 →「세 번(3回)」。","",""
"74","TOPIK I (1〜2級)","듣기","듣기","l5-l-place-park","남자: 여기 자전거 타도 돼요? 여자: 네, 저쪽 길에서 타시면 돼요. 나무도 많고 좋죠?","ここはどこですか。","공원","학교","주차장","시장","1","공원","自転車・木が多い → 公園(공원)。","",""
"75","TOPIK I (1〜2級)","듣기","듣기","l5-l-place-pool","여자: 수영모를 꼭 써야 해요? 남자: 네, 물에 들어가기 전에 샤워도 해 주세요.","ここはどこですか。","수영장","목욕탕","바다","헬스장","1","수영장","「수영모(水泳帽)」「물에 들어가기 전에」→ プール(수영장)。","",""
"76","TOPIK I (1〜2級)","듣기","듣기","l5-l-place-photo","남자: 여권 사진을 찍으러 왔는데요. 여자: 네, 의자에 앉아서 앞을 봐 주세요.","ここはどこですか。","사진관","미용실","병원","옷 가게","1","사진관","「여권 사진을 찍다(証明写真を撮る)」→ 写真館(사진관)。","",""
"77","TOPIK I (1〜2級)","듣기","듣기","l5-l-place-academy","여자: 영어 회화 수업을 듣고 싶은데요. 남자: 초급반은 월·수·금 저녁에 있습니다.","ここはどこですか。","학원","학교","도서관","회사","1","학원","英会話の수업を申し込む → 塾(학원)。","",""
"78","TOPIK I (1〜2級)","듣기","듣기","l5-l-topic-movie","여자: 어제 영화 어땠어요? 남자: 배우들 연기가 정말 좋았어요.","二人は何について話していますか。","영화","음악","운동","책","1","영화","「영화 어땠어요?」「배우 연기」→ 映画(영화)。","",""
"79","TOPIK I (1〜2級)","듣기","듣기","l5-l-topic-shopping","남자: 백화점에서 뭐 샀어요? 여자: 신발하고 가방을 샀어요.","二人は何について話していますか。","쇼핑","여행","음식","취미","1","쇼핑","デパートで買い物の話 → 買い物(쇼핑)。","",""
"80","TOPIK I (1〜2級)","듣기","듣기","l5-l-do-walk","여자: 저녁마다 뭐 하세요? 남자: 강아지하고 산책을 해요.","男性は毎晩、何をしますか。","산책을 합니다.","청소를 합니다.","요리를 합니다.","공부를 합니다.","1","산책을 합니다.","「산책을 해요(散歩をする)」→ 散歩する。","",""
"81","TOPIK I (1〜2級)","듣기","듣기","l5-l-do-photo","남자: 지금 뭐 해요? 여자: 꽃 사진을 찍고 있어요.","女性は今、何をしていますか。","사진을 찍습니다.","그림을 그립니다.","꽃을 삽니다.","청소를 합니다.","1","사진을 찍습니다.","「사진을 찍고 있어요(写真を撮っている)」→ 写真を撮る。","",""
"82","TOPIK I (1〜2級)","듣기","듣기","l5-l-ask-window","여자: 선생님, 창문 좀 열어도 돼요? 남자: ___","続く言葉として正しいものを選んでください。","네, 여세요.","여기 앉으세요.","날씨가 참 좋네요.","잘 먹겠습니다.","1","네, 여세요.","「열어도 돼요?(開けてもいい)」への許可 →「네, 여세요」。","",""
"83","TOPIK I (1〜2級)","듣기","듣기","l5-l-request-phone","여자: 죄송하지만 전화번호 좀 알려 주시겠어요? 남자: ___","続く言葉として正しいものを選んでください。","네, 공일공에 일이삼사예요.","잘 부탁드립니다.","맛있게 드세요.","안녕히 가세요.","1","네, 공일공에 일이삼사예요.","「전화번호 알려 주시겠어요?」→ 番号を答える。","",""
"84","TOPIK I (1〜2級)","듣기","듣기","l5-l-match-reservation","여자: 여보세요, 오늘 저녁 예약돼요? 남자: 죄송합니다. 오늘은 자리가 다 찼어요. 내일은 가능합니다.","内容と同じものを選んでください。","오늘 저녁은 예약할 수 없습니다.","오늘 자리가 많습니다.","내일은 예약이 안 됩니다.","식당이 문을 닫았습니다.","1","오늘 저녁은 예약할 수 없습니다.","「오늘은 자리가 다 찼어요」→ 今夜は予約できない。明日は可能。","",""
"85","TOPIK I (1〜2級)","읽기","화제 고르기","r-topic-fruit","","이것은 사과입니다. 저것은 바나나입니다. 그것은 포도입니다.　何についての話ですか。","과일","채소","운동","계절","1","과일","사과(りんご)・바나나(バナナ)・포도(ぶどう)は果物(과일)。","",""
"86","TOPIK I (1〜2級)","읽기","화제 고르기","r-topic-season","","봄은 따뜻합니다. 여름은 덥습니다. 겨울은 춥습니다.　何についての話ですか。","계절","음식","가족","취미","1","계절","봄(春)・여름(夏)・겨울(冬)は季節(계절)。","",""
"87","TOPIK I (1〜2級)","읽기","화제 고르기","r-topic-sport","","저는 야구를 좋아합니다. 그리고 축구도 좋아합니다.　何についての話ですか。","운동","공부","여행","날씨","1","운동","야구(野球)・축구(サッカー)は運動(운동)。","",""
"88","TOPIK I (1〜2級)","읽기","화제 고르기","r-topic-food","","저는 김치를 좋아합니다. 그리고 불고기도 좋아합니다.　何についての話ですか。","음식","과일","운동","계절","1","음식","김치・불고기は食べ物(음식)。","",""
"89","TOPIK I (1〜2級)","읽기","화제 고르기","r-topic-family","","아버지가 있습니다. 어머니가 있습니다. 형도 있습니다.　何についての話ですか。","가족","친구","학교","직업","1","가족","아버지(父)・어머니(母)・형(兄)は家族(가족)。","",""
"90","TOPIK I (1〜2級)","읽기","화제 고르기","r-topic-school","","교실이 있습니다. 칠판이 있습니다. 학생들이 공부합니다.　何についての話ですか。","학교","회사","시장","공원","1","학교","교실(教室)・칠판(黒板)・학생(学生)は学校(학교)。","",""
"91","TOPIK I (1〜2級)","읽기","화제 고르기","r-topic-transport","","버스를 탑니다. 지하철도 탑니다. 택시도 탑니다.　何についての話ですか。","교통","여행","운동","날씨","1","교통","버스・지하철・택시は交通(교통)。","",""
"92","TOPIK I (1〜2級)","읽기","빈칸 채우기","r-josa-i","","저는 학생( ) 아닙니다.　（　）に入るものを選んでください。","이","가","을","에","1","이","「~ではない」は ~이/가 아닙니다。パッチムのある「학생」には 이。","",""
"93","TOPIK I (1〜2級)","읽기","빈칸 채우기","r-josa-e","","아침에 학교( ) 갑니다.　（　）に入るものを選んでください。","에","를","이","도","1","에","移動先「~へ」は 에。「학교에 가다(学校へ行く)」。","",""
"94","TOPIK I (1〜2級)","읽기","빈칸 채우기","r-josa-reul","","저는 한국어( ) 공부합니다.　（　）に入るものを選んでください。","를","에","이","와","1","를","目的語「~を」は 을/를。母音終わりの「한국어」には 를。","",""
"95","TOPIK I (1〜2級)","읽기","빈칸 채우기","r-josa-wa","","친구( ) 같이 영화를 봅니다.　（　）に入るものを選んでください。","와","를","이","에","1","와","「~と一緒に」は ~와/과 같이。母音終わりの「친구」には 와。","",""
"96","TOPIK I (1〜2級)","읽기","빈칸 채우기","r-josa-eseo","","도서관( ) 책을 읽습니다.　（　）に入るものを選んでください。","에서","를","이","도","1","에서","動作をする場所「~で」は 에서。「도서관에서 읽다(図書館で読む)」。","",""
"97","TOPIK I (1〜2級)","읽기","빈칸 채우기","r-verb-open","","날씨가 덥습니다. 그래서 창문을 ___.　（　）に入るものを選んでください。","엽니다","닫습니다","씻습니다","탑니다","1","엽니다","暑い → 窓を「열다(開ける)」。닫다は閉める。","",""
"98","TOPIK I (1〜2級)","읽기","빈칸 채우기","r-verb-clean","","교실이 더럽습니다. 그래서 교실을 ___.　（　）に入るものを選んでください。","청소합니다","공부합니다","구경합니다","출발합니다","1","청소합니다","汚い → 「청소하다(掃除する)」。","",""
"99","TOPIK I (1〜2級)","읽기","빈칸 채우기","r-verb-wear","","날씨가 춥습니다. 그래서 따뜻한 옷을 ___.　（　）に入るものを選んでください。","입습니다","벗습니다","씻습니다","엽니다","1","입습니다","寒い → 服を「입다(着る)」。벗다は脱ぐ。","",""
"100","TOPIK I (1〜2級)","읽기","빈칸 채우기","r-verb-wash","","손이 더럽습니다. 그래서 손을 ___.　（　）に入るものを選んでください。","씻습니다","입습니다","엽니다","탑니다","1","씻습니다","手が汚い → 「씻다(洗う)」。","",""
"101","TOPIK I (1〜2級)","읽기","빈칸 채우기","r-verb-study","","내일 시험이 있습니다. 그래서 열심히 ___.　（　）に入るものを選んでください。","공부합니다","운동합니다","요리합니다","여행합니다","1","공부합니다","試験がある → 「공부하다(勉強する)」。","",""
"102","TOPIK I (1〜2級)","읽기","빈칸 채우기","r-adj-expensive","","이 가방은 십만 원입니다. 값이 아주 ___.　（　）に入るものを選んでください。","비쌉니다","쌉니다","짧습니다","낮습니다","1","비쌉니다","10万ウォン → 値段が「비싸다(高い)」。싸다は安い。","",""
"103","TOPIK I (1〜2級)","읽기","빈칸 채우기","r-conj-geuraeseo","","배가 고픕니다. ( ) 밥을 먹습니다.　（　）に入るものを選んでください。","그래서","그러나","그리고","그런데","1","그래서","原因→結果は 그래서(だから)。お腹がすいた → だから食べる。","",""
"104","TOPIK I (1〜2級)","읽기","빈칸 채우기","r-conj-geureochiman","","비가 옵니다. ( ) 우산이 없습니다.　（　）に入るものを選んでください。","그렇지만","그래서","그리고","그러면","1","그렇지만","逆接「だが」は 그렇지만。雨が降る「だが」傘がない。","",""
"105","TOPIK I (1〜2級)","읽기","빈칸 채우기","r-conj-geurigo","","손을 씻습니다. ( ) 밥을 먹습니다.　（　）に入るものを選んでください。","그리고","그러나","그렇지만","그러면","1","그리고","前後を並べる・順序は 그리고(そして)。手を洗う「そして」食べる。","",""
"106","TOPIK I (1〜2級)","읽기","빈칸 채우기","r-counter-myeong","","교실에 학생이 다섯 ___ 있습니다.　（　）に入るものを選んでください。","명","개","권","마리","1","명","人を数える単位は「명(人)」。","",""
"107","TOPIK I (1〜2級)","읽기","빈칸 채우기","r-counter-gae","","시장에서 사과를 세 ___ 샀습니다.　（　）に入るものを選んでください。","개","명","권","장","1","개","モノを数える単位は「개(個)」。","",""
"108","TOPIK I (1〜2級)","읽기","빈칸 채우기","r-counter-gwon","","도서관에서 책을 두 ___ 빌렸습니다.　（　）に入るものを選んでください。","권","개","마리","장","1","권","本を数える単位は「권(冊)」。","",""
"109","TOPIK I (1〜2級)","읽기","빈칸 채우기","r-counter-mari","","우리 집에 고양이가 한 ___ 있습니다.　（　）に入るものを選んでください。","마리","명","개","대","1","마리","動物を数える単位は「마리(匹)」。","",""
"110","TOPIK I (1〜2級)","읽기","내용/주제","r-detail-morning","","저는 매일 아침 일곱 시에 일어납니다. 그리고 학교에 갑니다. 학교에서 한국어를 배웁니다.　内容と同じものを選んでください。","저는 아침에 일어납니다.","저는 학교에서 일합니다.","저는 한국어를 가르칩니다.","저는 저녁에 학교에 갑니다.","1","저는 아침에 일어납니다.","本文「아침 일곱 시에 일어납니다」と一致。배우다は習う(가르치다=教えるは×)。","",""
"111","TOPIK I (1〜2級)","읽기","내용/주제","r-detail-movie","","주말에 친구를 만났습니다. 같이 영화를 봤습니다. 영화가 아주 재미있었습니다.　内容と同じものを選んでください。","주말에 친구를 만났습니다.","혼자 영화를 봤습니다.","영화가 재미없었습니다.","주말에 일을 했습니다.","1","주말에 친구를 만났습니다.","本文「친구를 만났습니다」と一致。같이=一緒に(혼자=一人は×)。","",""
"112","TOPIK I (1〜2級)","읽기","내용/주제","r-detail-exercise","","저는 매주 일요일에 운동을 합니다. 아침에 공원에서 달리기를 합니다. 운동 후에는 샤워를 합니다.　内容と同じものを選んでください。","저는 일요일에 운동합니다.","저는 저녁에 운동합니다.","저는 집에서 운동합니다.","저는 운동을 안 합니다.","1","저는 일요일에 운동합니다.","本文「일요일에 운동」と一致。아침(朝)・공원(公園)なので저녁/집は×。","",""
"113","TOPIK I (1〜2級)","읽기","내용/주제","r-detail-library","","우리 집 근처에 도서관이 있습니다. 저는 거기에서 책을 읽습니다. 도서관은 아주 조용합니다.　内容と同じものを選んでください。","집 근처에 도서관이 있습니다.","도서관이 시끄럽습니다.","도서관에서 운동을 합니다.","도서관이 집에서 멉니다.","1","집 근처에 도서관이 있습니다.","本文「집 근처에 도서관」と一致。조용하다=静か(시끄럽다=うるさいは×)。","",""
"114","TOPIK I (1〜2級)","읽기","내용/주제","r-notdetail-class","","［한국어 교실 안내］ 시간: 매주 화요일 오후 2시. 장소: 201호. 준비물: 책, 공책.　案内の内容と違うものを選んでください。","수업은 월요일에 합니다.","수업은 화요일에 합니다.","수업은 201호에서 합니다.","책과 공책을 준비합니다.","1","수업은 월요일에 합니다.","授業は화요일(火曜)。「월요일(月曜)」は案内と違う → これが答え。","",""
"115","TOPIK I (1〜2級)","읽기","내용/주제","r-mind-exercise","","저는 운동을 좋아합니다. 운동을 하면 기분이 좋습니다. 그래서 매일 운동을 합니다.　中心となる考えを選んでください。","저는 운동을 좋아합니다.","운동은 너무 힘듭니다.","저는 운동을 싫어합니다.","운동은 위험합니다.","1","저는 운동을 좋아합니다.","全体の中心は「운동을 좋아합니다(運動が好き)」。","",""
"116","TOPIK I (1〜2級)","읽기","지문 세트","r-passage-tanaka-1","안녕하세요? 저는 다나카입니다. 일본에서 왔습니다. 지금 한국 회사에서 일합니다. 한국 음식을 좋아합니다. 특히 김치찌개를 자주 먹습니다. 한국 생활이 아주 즐겁습니다.","다나카 씨는 어느 나라 사람입니까?　田中さんはどこの国の人ですか。","일본","한국","중국","미국","1","일본","「일본에서 왔습니다(日本から来た)」→ 日本人。","",""
"117","TOPIK I (1〜2級)","읽기","지문 세트","r-passage-tanaka-2","안녕하세요? 저는 다나카입니다. 일본에서 왔습니다. 지금 한국 회사에서 일합니다. 한국 음식을 좋아합니다. 특히 김치찌개를 자주 먹습니다. 한국 생활이 아주 즐겁습니다.","内容と同じものを選んでください。","다나카 씨는 한국 음식을 좋아합니다.","다나카 씨는 학생입니다.","다나카 씨는 한국에서 태어났습니다.","다나카 씨는 김치찌개를 싫어합니다.","1","다나카 씨는 한국 음식을 좋아합니다.","「한국 음식을 좋아합니다」と一致。회사에서 일하므로学生は×。","",""
"118","TOPIK I (1〜2級)","읽기","지문 세트","r-passage-jeju-1","저는 지난주에 제주도에 갔습니다. 제주도는 경치가 아주 아름다웠습니다. 바다에서 수영도 했습니다. 맛있는 음식도 많이 먹었습니다. 정말 즐거운 여행이었습니다.","이 사람은 지난주에 어디에 갔습니까?　この人は先週どこへ行きましたか。","제주도","서울","부산","일본","1","제주도","「제주도에 갔습니다(済州島へ行った)」。","",""
"119","TOPIK I (1〜2級)","읽기","지문 세트","r-passage-jeju-2","저는 지난주에 제주도에 갔습니다. 제주도는 경치가 아주 아름다웠습니다. 바다에서 수영도 했습니다. 맛있는 음식도 많이 먹었습니다. 정말 즐거운 여행이었습니다.","内容と同じものを選んでください。","제주도에서 수영을 했습니다.","제주도 음식이 맛없었습니다.","제주도 경치가 별로였습니다.","여행이 즐겁지 않았습니다.","1","제주도에서 수영을 했습니다.","「바다에서 수영도 했습니다」と一致。","",""
"120","TOPIK I (1〜2級)","읽기","화제 고르기","r-topic-color","","빨간색입니다. 파란색입니다. 노란색입니다.　何についての話ですか。","색깔","과일","계절","운동","1","색깔","빨강·파랑·노랑は色(색깔)。","",""
"121","TOPIK I (1〜2級)","읽기","화제 고르기","r-topic-weather","","비가 옵니다. 눈이 옵니다. 바람이 붑니다.　何についての話ですか。","날씨","계절","교통","운동","1","날씨","비(雨)·눈(雪)·바람(風)は天気(날씨)。","",""
"122","TOPIK I (1〜2級)","읽기","화제 고르기","r-topic-body","","머리입니다. 손입니다. 발입니다.　何についての話ですか。","몸","옷","음식","가족","1","몸","머리(頭)·손(手)·발(足)は体(몸)。","",""
"123","TOPIK I (1〜2級)","읽기","빈칸 채우기","r-josa-eun","","이것( ) 책입니다.　（　）に入るものを選んでください。","은","를","에","와","1","은","主題「~は」は 은/는。パッチムのある「것」には 은。","",""
"124","TOPIK I (1〜2級)","읽기","빈칸 채우기","r-josa-do","","저는 사과를 좋아합니다. 바나나( ) 좋아합니다.　（　）に入るものを選んでください。","도","를","이","에서","1","도","「~も」は 도。バナナも好き。","",""
"125","TOPIK I (1〜2級)","읽기","빈칸 채우기","r-josa-hago","","빵( ) 우유를 샀습니다.　（　）に入るものを選んでください。","하고","에서","이","를","1","하고","名詞をつなぐ「~と」は 하고。パンと牛乳。","",""
"126","TOPIK I (1〜2級)","읽기","빈칸 채우기","r-verb-sleep","","밤이 늦었습니다. 그래서 ___.　（　）に入るものを選んでください。","잡니다","일어납니다","일합니다","운동합니다","1","잡니다","夜が遅い → 「자다(寝る)」。일어나다は起きる。","",""
"127","TOPIK I (1〜2級)","읽기","빈칸 채우기","r-verb-buy","","옷이 필요합니다. 그래서 백화점에서 옷을 ___.　（　）に入るものを選んでください。","삽니다","팝니다","버립니다","빌립니다","1","삽니다","服が必要 → デパートで「사다(買う)」。팔다は売る。","",""
"128","TOPIK I (1〜2級)","읽기","빈칸 채우기","r-conj-geuraeseo2","","시험이 끝났습니다. ( ) 친구들과 놀았습니다.　（　）に入るものを選んでください。","그래서","그러나","그렇지만","그런데","1","그래서","試験が終わった → だから(그래서)遊んだ。","",""
"129","TOPIK I (1〜2級)","읽기","빈칸 채우기","r-counter-jan","","커피 한 ( ) 주세요.　（　）に入るものを選んでください。","잔","개","명","권","1","잔","飲み物を数える単位は「잔(杯)」。","",""
"130","TOPIK I (1〜2級)","읽기","빈칸 채우기","r-counter-dae","","주차장에 자동차가 세 ( ) 있습니다.　（　）に入るものを選んでください。","대","마리","명","권","1","대","車・機械を数える単位は「대(台)」。","",""
"131","TOPIK I (1〜2級)","읽기","내용/주제","r-detail-trip","","저는 방학에 부산에 갔습니다. 바다를 봤습니다. 회를 먹었습니다. 정말 좋았습니다.　内容と同じものを選んでください。","저는 부산에서 바다를 봤습니다.","저는 산에 갔습니다.","저는 회를 안 먹었습니다.","여행이 안 좋았습니다.","1","저는 부산에서 바다를 봤습니다.","「부산에 갔습니다」「바다를 봤습니다」が一致。","",""
"132","TOPIK I (1〜2級)","읽기","내용/주제","r-detail-market","","어제 시장에 갔습니다. 과일과 채소를 샀습니다. 값이 싸고 신선했습니다.　内容と同じものを選んでください。","시장에서 과일을 샀습니다.","백화점에 갔습니다.","값이 비쌌습니다.","아무것도 안 샀습니다.","1","시장에서 과일을 샀습니다.","「과일과 채소를 샀습니다」が一致。값이 쌌다(安かった)。","",""
"133","TOPIK I (1〜2級)","읽기","내용/주제","r-mind-friend","","좋은 친구가 있으면 생활이 즐겁습니다. 힘들 때 도와주고 이야기도 들어 줍니다. 그래서 친구는 소중합니다.　中心となる考えを選んでください。","친구는 소중합니다.","친구는 필요 없습니다.","친구는 불편합니다.","혼자가 더 좋습니다.","1","친구는 소중합니다.","「친구는 소중합니다(友達は大切)」が中心。","",""
"134","TOPIK I (1〜2級)","읽기","화제 고르기","l3-r-topic-animal","","개입니다. 고양이입니다. 새입니다.　何についての話ですか。","동물","과일","색깔","음식","1","동물","개(犬)·고양이(猫)·새(鳥)は動物(동물)。","",""
"135","TOPIK I (1〜2級)","읽기","화제 고르기","l3-r-topic-stationery","","연필입니다. 공책입니다. 지우개입니다.　何についての話ですか。","학용품","옷","음식","가구","1","학용품","연필(鉛筆)·공책(ノート)·지우개(消しゴム)は文房具(학용품)。","",""
"136","TOPIK I (1〜2級)","읽기","화제 고르기","l3-r-topic-clothes","","바지입니다. 치마입니다. 모자입니다.　何についての話ですか。","옷","몸","색깔","음식","1","옷","바지(ズボン)·치마(スカート)·모자(帽子)は衣類(옷)。","",""
"137","TOPIK I (1〜2級)","읽기","빈칸 채우기","l3-r-josa-man","","저는 커피는 안 마시고 물( ) 마십니다.　（　）に入るものを選んでください。","만","도","이","에서","1","만","前半「コーヒーは飲まない」と対比 →「水だけ」の 만。도(も)では対比に合わない。","",""
"138","TOPIK I (1〜2級)","읽기","빈칸 채우기","l3-r-josa-buteo","","아침 아홉 시( ) 저녁 여섯 시까지 일합니다.　（　）に入るものを選んでください。","부터","까지","에서","도","1","부터","時間の起点「~から」は 부터。「9時から夕方6時まで」のように 부터~까지 で範囲を表す。","",""
"139","TOPIK I (1〜2級)","읽기","빈칸 채우기","l3-r-josa-boda","","동생이 저( ) 키가 더 큽니다.　（　）に入るものを選んでください。","보다","처럼","마다","에게","1","보다","比較「~より」は 보다。「더(もっと)」と呼応。처럼(のように)は 더 と合わない。","",""
"140","TOPIK I (1〜2級)","읽기","빈칸 채우기","l3-r-josa-ege","","친구( ) 선물을 줬습니다.　（　）に入るものを選んでください。","에게","에서","이","를","1","에게","人に「~に」は 에게。友達にプレゼントをあげた。","",""
"141","TOPIK I (1〜2級)","읽기","빈칸 채우기","l3-r-verb-close","","추워서 문을 ___.　（　）に入るものを選んでください。","닫습니다","엽니다","켭니다","씻습니다","1","닫습니다","寒いのでドアを「닫다(閉める)」。열다は開ける。","",""
"142","TOPIK I (1〜2級)","읽기","빈칸 채우기","l3-r-verb-turnoff","","잘 때는 불을 ___.　（　）に入るものを選んでください。","끕니다","켭니다","엽니다","닫습니다","1","끕니다","寝るとき電気を「끄다(消す)」。켜다はつける。","",""
"143","TOPIK I (1〜2級)","읽기","빈칸 채우기","l3-r-verb-receive","","생일에 친구에게서 선물을 ___.　（　）に入るものを選んでください。","받습니다","줍니다","삽니다","팝니다","1","받습니다","「~에게서 받다(~からもらう)」。誕生日にプレゼントをもらう。","",""
"144","TOPIK I (1〜2級)","읽기","빈칸 채우기","l3-r-conj-geureomyeon","","길을 모릅니다. ( ) 지도를 보세요.　（　）に入るものを選んでください。","그러면","그러나","그렇지만","그런데","1","그러면","「それなら」は 그러면。道が分からない、それなら地図を見て。","",""
"145","TOPIK I (1〜2級)","읽기","빈칸 채우기","l3-r-counter-sal","","제 동생은 열 ( )입니다.　（　）に入るものを選んでください。","살","명","개","권","1","살","年齢を数える単位は「살(歳)」。","",""
"146","TOPIK I (1〜2級)","읽기","빈칸 채우기","l3-r-counter-beon","","이 영화를 두 ( ) 봤습니다.　（　）に入るものを選んでください。","번","개","권","명","1","번","回数を数える単位は「번(回)」。","",""
"147","TOPIK I (1〜2級)","읽기","내용/주제","l3-r-detail-weekend","","저는 주말에 보통 집에서 쉽니다. 청소를 하고 책을 읽습니다. 가끔 친구를 만납니다.　内容と同じものを選んでください。","저는 주말에 집에서 쉽니다.","주말에 회사에 갑니다.","주말마다 운동을 합니다.","친구를 전혀 안 만납니다.","1","저는 주말에 집에서 쉽니다.","「주말에 보통 집에서 쉽니다」が一致。가끔 친구를 만난다。","",""
"148","TOPIK I (1〜2級)","읽기","화제 고르기","l4-r-topic-furniture","","책상입니다. 의자입니다. 침대입니다.　何についての話ですか。","가구","학용품","옷","음식","1","가구","책상(机)·의자(椅子)·침대(ベッド)は家具(가구)。","",""
"149","TOPIK I (1〜2級)","읽기","화제 고르기","l4-r-topic-job","","의사입니다. 선생님입니다. 요리사입니다.　何についての話ですか。","직업","가족","취미","운동","1","직업","의사(医者)·선생님(先生)·요리사(料理人)は職業(직업)。","",""
"150","TOPIK I (1〜2級)","읽기","화제 고르기","l4-r-topic-drink","","물입니다. 주스입니다. 커피입니다.　何についての話ですか。","음료","과일","음식","채소","1","음료","물·주스·커피は飲み物(음료)。","",""
"151","TOPIK I (1〜2級)","읽기","빈칸 채우기","l4-r-josa-ro","","학교에 버스( ) 갑니다.　（　）に入るものを選んでください。","로","를","에서","도","1","로","手段「~で」は (으)로。「버스로(バスで)」。","",""
"152","TOPIK I (1〜2級)","읽기","빈칸 채우기","l4-r-josa-egeseo","","친구( ) 편지를 받았습니다.　（　）に入るものを選んでください。","에게서","에","이","를","1","에게서","人から「~から」は 에게서(에게도可)。「친구에」は不可。友達から手紙をもらった。","",""
"153","TOPIK I (1〜2級)","읽기","빈칸 채우기","l4-r-josa-mada","","저는 주말( ) 빠짐없이 등산을 합니다.　（　）に入るものを選んでください。","마다","부터","에서","도","1","마다","「~ごとに」は 마다。「빠짐없이(欠かさず)」と呼応。毎週末欠かさず登山する。","",""
"154","TOPIK I (1〜2級)","읽기","빈칸 채우기","l4-r-josa-bakke","","지갑에 천 원( ) 없어서 그 돈으로 음료수만 샀어요.　（　）に入るものを選んでください。","밖에","도","만","까지","1","밖에","「~しか(ない)」は 밖에。後ろで「そのお金で買った」と続くので「千ウォンしかない」。","",""
"155","TOPIK I (1〜2級)","읽기","빈칸 채우기","l4-r-verb-borrow","","책이 없어서 친구에게서 책을 ___.　（　）に入るものを選んでください。","빌렸습니다","빌려줬습니다","샀습니다","버렸습니다","1","빌렸습니다","「~에게서 빌리다(~から借りる)」。本がなくて友達から借りた。","",""
"156","TOPIK I (1〜2級)","읽기","빈칸 채우기","l4-r-verb-teach","","선생님이 학생들에게 한국어를 ___.　（　）に入るものを選んでください。","가르칩니다","배웁니다","읽습니다","씁니다","1","가르칩니다","先生が「가르치다(教える)」。배우다は習う。","",""
"157","TOPIK I (1〜2級)","읽기","빈칸 채우기","l4-r-verb-shoes","","밖에 나갈 때는 신발을 ___.　（　）に入るものを選んでください。","신습니다","입습니다","씁니다","벗습니다","1","신습니다","靴は「신다(履く)」。벗다は脱ぐ。","",""
"158","TOPIK I (1〜2級)","읽기","빈칸 채우기","l4-r-conj-geureonde","","어제 등산을 갔습니다. ( ) 비가 와서 일찍 내려왔습니다.　（　）に入るものを選んでください。","그런데","그래서","그리고","그러면","1","그런데","「ところが」は 그런데(逆接・話の転換)。登山に行った、ところが雨で早く下りた。","",""
"159","TOPIK I (1〜2級)","읽기","빈칸 채우기","l4-r-counter-jang","","종이 두 ( )에 그림을 그렸습니다.　（　）に入るものを選んでください。","장","권","개","명","1","장","紙・チケットを数える単位は「장(枚)」。","",""
"160","TOPIK I (1〜2級)","읽기","빈칸 채우기","l4-r-counter-byeong","","가게에서 물 한 ( )을 샀습니다.　（　）に入るものを選んでください。","병","잔","개","그릇","1","병","瓶入りを数える単位は「병(本)」。잔はコップ。","",""
"161","TOPIK I (1〜2級)","읽기","내용/주제","l4-r-detail-letter","","［친구에게 쓴 편지］ 민지야, 잘 지내? 나는 요즘 한국어를 배워. 방학에 한국에 놀러 갈 거야. 그때 꼭 만나자.　内容と同じものを選んでください。","이 사람은 방학에 한국에 갈 겁니다.","이 사람은 한국에 살고 있습니다.","민지가 이 편지를 썼습니다.","이 사람은 한국어를 안 배웁니다.","1","이 사람은 방학에 한국에 갈 겁니다.","「방학에 한국에 놀러 갈 거야」が一致。書き手は한국어를 배우는 사람。","",""
"162","TOPIK I (1〜2級)","읽기","화제 고르기","l5-r-topic-vegetable","","당근입니다. 오이입니다. 양파입니다.　何についての話ですか。","채소","과일","음료","음식","1","채소","당근(にんじん)·오이(きゅうり)·양파(玉ねぎ)は野菜(채소)。","",""
"163","TOPIK I (1〜2級)","읽기","화제 고르기","l5-r-topic-sportkind","","축구입니다. 농구입니다. 수영입니다.　何についての話ですか。","운동","취미","직업","게임","1","운동","축구(サッカー)·농구(バスケ)·수영(水泳)は運動(운동)。","",""
"164","TOPIK I (1〜2級)","읽기","화제 고르기","l5-r-topic-instrument","","피아노입니다. 기타입니다. 바이올린입니다.　何についての話ですか。","악기","운동","가구","학용품","1","악기","피아노·기타·바이올린は楽器(악기)。","",""
"165","TOPIK I (1〜2級)","읽기","빈칸 채우기","l5-r-josa-hante","","저는 동생( ) 책을 줬습니다.　（　）に入るものを選んでください。","한테","한테서","에서","를","1","한테","人に「~に」(口語)は 한테。弟に本をあげた。한테서は「~から」。","",""
"166","TOPIK I (1〜2級)","읽기","빈칸 채우기","l5-r-josa-ui","","이것은 제 친구( ) 가방입니다.　（　）に入るものを選んでください。","의","에","를","도","1","의","所有「~の」は 의。友達のかばん。","",""
"167","TOPIK I (1〜2級)","읽기","빈칸 채우기","l5-r-josa-cheoreom","","그는 마치 가수( ) 노래를 잘합니다.　（　）に入るものを選んでください。","처럼","보다","마다","에게","1","처럼","「まるで~のように」は 마치 ~처럼。보다(より)は 마치 と合わない。歌手のように歌が上手い。","",""
"168","TOPIK I (1〜2級)","읽기","빈칸 채우기","l5-r-verb-meet","","저는 어제 오랜만에 친구를 ___.　（　）に入るものを選んでください。","만났습니다","헤어졌습니다","보냈습니다","잊었습니다","1","만났습니다","友達に「만나다(会う)」。헤어지다は別れる。","",""
"169","TOPIK I (1〜2級)","읽기","빈칸 채우기","l5-r-verb-start","","수업이 아홉 시에 ( ), 열두 시에 끝납니다.　（　）に入るものを選んでください。","시작해서","끝나서","들어가서","나가서","1","시작해서","「시작하다(始まる)」。終わるのは끝나다(後半にある)。","",""
"170","TOPIK I (1〜2級)","읽기","빈칸 채우기","l5-r-verb-enter","","신발을 벗고 집 안으로 ___.　（　）に入るものを選んでください。","들어갑니다","나갑니다","올라갑니다","내려갑니다","1","들어갑니다","中へ「들어가다(入る)」。나가다は出る。","",""
"171","TOPIK I (1〜2級)","읽기","빈칸 채우기","l5-r-adj-fast","","기차는 버스보다 ___.　（　）に入るものを選んでください。","빠릅니다","느립니다","깁니다","짧습니다","1","빠릅니다","汽車はバスより「빠르다(速い)」。느리다は遅い。","",""
"172","TOPIK I (1〜2級)","읽기","빈칸 채우기","l5-r-conj-geureonikka","","비가 옵니다. ( ) 우산을 가지고 가세요.　（　）に入るものを選んでください。","그러니까","그러나","그렇지만","그런데","1","그러니까","「だから(勧め)」は 그러니까。雨だから傘を持って行って。","",""
"173","TOPIK I (1〜2級)","읽기","빈칸 채우기","l5-r-counter-keollee","","양말 두 ( )를 샀습니다.　（　）に入るものを選んでください。","켤레","개","장","병","1","켤레","靴下・靴を数える単位は「켤레(足)」。","",""
"174","TOPIK I (1〜2級)","읽기","빈칸 채우기","l5-r-counter-geureut","","배가 고파서 밥 한 ( )을 다 먹었습니다.　（　）に入るものを選んでください。","그릇","잔","병","장","1","그릇","ご飯・汁物を数える単位は「그릇(膳・杯)」。","",""
"175","TOPIK I (1〜2級)","읽기","내용/주제","l5-r-detail-schedule","","［하루 일과］ 일곱 시에 일어나서 운동을 합니다. 아홉 시에 회사에 갑니다. 여섯 시에 집에 와서 저녁을 먹습니다.　内容と同じものを選んでください。","이 사람은 아침에 운동을 합니다.","이 사람은 저녁에 운동을 합니다.","이 사람은 회사에 안 갑니다.","이 사람은 저녁을 안 먹습니다.","1","이 사람은 아침에 운동을 합니다.","「일곱 시에 일어나서 운동을 합니다」→ 朝に運動する。","",""
