번호	레벨	섹션	유형	id	스크립트/지문	문제	보기1	보기2	보기3	보기4	정답번호	정답내용	참고(일본어해설)	정답OK(Y/N)	검수의견
1	TOPIK I (1〜2級)	듣기	듣기	l-ans-student	남자: 학생이에요? 여자: ___	問いに合う答えを選んでください。	네, 학생이에요.	아니요, 학생을 좋아해요.	네, 학생이 없어요.	아니요, 학생이 와요.	1	네, 학생이에요.	「학생이에요?(学生ですか)」には はい/いいえ で答える。肯定は「네, 학생이에요」。		
2	TOPIK I (1〜2級)	듣기	듣기	l-ans-japanese	여자: 일본 사람이에요? 남자: ___	問いに合う答えを選んでください。	네, 일본 사람이에요.	아니요, 일본에 가요.	네, 일본을 좋아해요.	아니요, 일본이 멀어요.	1	네, 일본 사람이에요.	「일본 사람이에요?(日本人ですか)」への自然な肯定は「네, 일본 사람이에요」。		
3	TOPIK I (1〜2級)	듣기	듣기	l-ans-sibling	남자: 동생이 있어요? 여자: ___	問いに合う答えを選んでください。	아니요, 동생이 없어요.	네, 동생을 만나요.	아니요, 동생이 와요.	네, 동생에 가요.	1	아니요, 동생이 없어요.	「있어요?(いますか)」の否定は「없어요(いません)」。		
4	TOPIK I (1〜2級)	듣기	듣기	l-wh-what	여자: 이게 뭐예요? 남자: ___	問いに合う答えを選んでください。	책이에요.	책을 읽어요.	책이 좋아요.	책이 많아요.	1	책이에요.	「뭐예요?(何ですか)」にはモノで答える →「책이에요(本です)」。		
5	TOPIK I (1〜2級)	듣기	듣기	l-wh-where	남자: 어디에 가요? 여자: ___	問いに合う答えを選んでください。	학교에 가요.	친구를 만나요.	버스를 타요.	지금 가요.	1	학교에 가요.	「어디에 가요?(どこへ行きますか)」には場所 →「학교에 가요」。		
6	TOPIK I (1〜2級)	듣기	듣기	l-wh-time	여자: 지금 몇 시예요? 남자: ___	問いに合う答えを選んでください。	세 시예요.	세 개예요.	삼 일이에요.	세 명이에요.	1	세 시예요.	「몇 시예요?(何時ですか)」には時刻 →「세 시(3時)」。「세 개」は個数。		
7	TOPIK I (1〜2級)	듣기	듣기	l-wh-birthday	남자: 생일이 언제예요? 여자: ___	問いに合う答えを選んでください。	오월 십오 일이에요.	네 명이에요.	세 시예요.	학교에 가요.	1	오월 십오 일이에요.	「언제예요?(いつですか)」には日付 →「오월 십오 일(5月15日)」。		
8	TOPIK I (1〜2級)	듣기	듣기	l-wh-family	여자: 가족이 몇 명이에요? 남자: ___	問いに合う答えを選んでください。	네 명이에요.	네 시예요.	네 개예요.	네 권이에요.	1	네 명이에요.	人数を聞く「몇 명이에요?」には「~명(人)」→「네 명(4人)」。		
9	TOPIK I (1〜2級)	듣기	듣기	l-wh-who	남자: 누구를 만나요? 여자: ___	問いに合う答えを選んでください。	친구를 만나요.	학교에 가요.	책을 읽어요.	집에 있어요.	1	친구를 만나요.	「누구를 만나요?(誰に会いますか)」には人 →「친구를 만나요」。		
10	TOPIK I (1〜2級)	듣기	듣기	l-greet-thanks	남자: 고맙습니다. 여자: ___	続く言葉として正しいものを選んでください。	아니에요.	고맙습니다.	안녕하세요.	미안해요.	1	아니에요.	「고맙습니다(ありがとう)」への返事は「아니에요(どういたしまして)」。		
11	TOPIK I (1〜2級)	듣기	듣기	l-greet-goodbye	남자: 안녕히 가세요. 여자: ___	続く言葉として正しいものを選んでください。	안녕히 계세요.	안녕히 가세요.	잘 먹겠습니다.	처음 뵙겠습니다.	1	안녕히 계세요.	去る人に「안녕히 가세요」、残る人は「안녕히 계세요」と返す。		
12	TOPIK I (1〜2級)	듣기	듣기	l-greet-firstmeet	남자: 처음 뵙겠습니다. 여자: ___	続く言葉として正しいものを選んでください。	만나서 반갑습니다.	안녕히 가세요.	잘 먹겠습니다.	아니에요.	1	만나서 반갑습니다.	「처음 뵙겠습니다(はじめまして)」には「만나서 반갑습니다(お会いできてうれしい)」。		
13	TOPIK I (1〜2級)	듣기	듣기	l-greet-meal	여자: 맛있게 드세요. 남자: ___	続く言葉として正しいものを選んでください。	잘 먹겠습니다.	안녕히 계세요.	괜찮아요.	반갑습니다.	1	잘 먹겠습니다.	「맛있게 드세요(召し上がれ)」には「잘 먹겠습니다(いただきます)」。		
14	TOPIK I (1〜2級)	듣기	듣기	l-greet-sorry	남자: 죄송합니다. 여자: ___	続く言葉として正しいものを選んでください。	괜찮아요.	고맙습니다.	안녕하세요.	잘 먹겠습니다.	1	괜찮아요.	「죄송합니다(すみません)」には「괜찮아요(大丈夫です)」。		
15	TOPIK I (1〜2級)	듣기	듣기	l-place-shop	여자: 사과 한 개에 얼마예요? 남자: 천 원이에요. 여자: 그럼 세 개 주세요.	ここはどこですか。	가게	학교	병원	은행	1	가게	値段「얼마예요?」と「~개 주세요」のやり取り → 店(가게)。		
16	TOPIK I (1〜2級)	듣기	듣기	l-place-salon	여자: 머리를 자르고 싶어요. 남자: 네, 어떻게 해 드릴까요?	ここはどこですか。	미용실	도서관	식당	공항	1	미용실	「머리를 자르다(髪を切る)」→ 美容室(미용실)。		
17	TOPIK I (1〜2級)	듣기	듣기	l-place-bank	남자: 통장을 만들고 싶어요. 여자: 신분증 주세요.	ここはどこですか。	은행	병원	가게	학교	1	은행	「통장(通帳)」「신분증(身分証)」→ 銀行(은행)。		
18	TOPIK I (1〜2級)	듣기	듣기	l-place-cinema	여자: 표 두 장 주세요. 남자: 몇 시 영화를 보시겠어요?	ここはどこですか。	영화관	식당	서점	공원	1	영화관	「표(チケット)」「영화(映画)」→ 映画館(영화관)。		
19	TOPIK I (1〜2級)	듣기	듣기	l-place-hospital	남자: 어디가 아프세요? 여자: 어제부터 머리가 아파요.	ここはどこですか。	병원	약국	학교	회사	1	병원	「어디가 아프세요?(どこが痛いですか)」→ 病院(병원)。		
20	TOPIK I (1〜2級)	듣기	듣기	l-topic-weekend	여자: 주말에 뭐 했어요? 남자: 영화를 봤어요. 여자: 재미있었어요?	二人は何について話していますか。	주말	날씨	음식	가족	1	주말	「주말에 뭐 했어요?(週末に何をした)」→ 週末(주말)の話。		
21	TOPIK I (1〜2級)	듣기	듣기	l-topic-family	여자: 가족이 몇 명이에요? 남자: 네 명이에요. 부모님하고 동생이 있어요.	二人は何について話していますか。	가족	직업	날씨	여행	1	가족	「가족이 몇 명」「부모님하고 동생」→ 家族(가족)。		
22	TOPIK I (1〜2級)	듣기	듣기	l-topic-sport	여자: 무슨 운동을 좋아해요? 남자: 저는 수영을 좋아해요.	二人は何について話していますか。	운동	공부	음식	계절	1	운동	「무슨 운동을 좋아해요?」「수영(水泳)」→ 運動(운동)。		
23	TOPIK I (1〜2級)	듣기	듣기	l-topic-job	여자: 어디에서 일해요? 남자: 회사에서 일해요.	二人は何について話していますか。	직업	취미	학교	여행	1	직업	「어디에서 일해요?(どこで働く)」「회사」→ 職業(직업)。		
24	TOPIK I (1〜2級)	듣기	듣기	l-do-music	여자: 뭐 해요? 남자: 음악을 들어요.	男性は今、何をしていますか。	음악을 들어요.	텔레비전을 봐요.	밥을 먹어요.	책을 읽어요.	1	음악을 들어요.	男性は「음악을 들어요(音楽を聞く)」と言っている。		
25	TOPIK I (1〜2級)	듣기	듣기	l-do-coffee	남자: 커피 마실래요? 여자: 네, 좋아요. 제가 살게요.	女性はこのあと何をしますか。	커피를 삽니다.	집에 갑니다.	책을 읽습니다.	밥을 만듭니다.	1	커피를 삽니다.	女性が「제가 살게요(私が買います)」→ 女性がコーヒーを買う。		
26	TOPIK I (1〜2級)	듣기	듣기	l-match-hiking	남자: 내일 같이 등산 갈래요? 여자: 미안해요. 내일은 일이 있어요. 다음에 가요.	内容と同じものを選んでください。	여자는 내일 등산을 안 갑니다.	여자는 내일 등산을 갑니다.	남자는 일이 있습니다.	두 사람은 오늘 등산을 했습니다.	1	여자는 내일 등산을 안 갑니다.	女性は「일이 있어요(用事がある)」と断った → 明日は登山に行かない。		
27	TOPIK I (1〜2級)	듣기	듣기	l-mind-korean	여자: 한국어 공부가 어때요? 남자: 재미있어요. 그런데 좀 어려워요.	男性の中心となる考えを選んでください。	한국어 공부가 재미있습니다.	한국어 공부를 안 합니다.	한국어 공부가 쉽습니다.	한국어 공부가 재미없습니다.	1	한국어 공부가 재미있습니다.	「재미있어요. 그런데 좀 어려워요」→ 中心は「面白い」。		
28	TOPIK I (1〜2級)	듣기	듣기	l-match-weather	여자: 오늘 날씨가 어때요? 남자: 비가 와요. 그래서 우산을 가지고 왔어요.	内容と同じものを選んでください。	남자는 우산을 가지고 왔습니다.	오늘은 날씨가 맑습니다.	남자는 우산이 없습니다.	여자는 비를 좋아합니다.	1	남자는 우산을 가지고 왔습니다.	「비가 와요. 그래서 우산을 가지고 왔어요」→ 傘を持ってきた。		
29	TOPIK I (1〜2級)	듣기	듣기	l-ans-time	남자: 시간 있어요? 여자: ___	問いに合う答えを選んでください。	네, 시간 있어요.	아니요, 시계가 없어요.	네, 시간을 봐요.	아니요, 시간에 가요.	1	네, 시간 있어요.	「시간 있어요?(時間ありますか)」→「네, 시간 있어요」。		
30	TOPIK I (1〜2級)	듣기	듣기	l-ans-weather	여자: 날씨가 좋아요? 남자: ___	問いに合う答えを選んでください。	네, 아주 좋아요.	아니요, 날씨에 가요.	네, 날씨를 만나요.	아니요, 날씨가 와요.	1	네, 아주 좋아요.	「좋아요?(いいですか)」→「네, 아주 좋아요」。		
31	TOPIK I (1〜2級)	듣기	듣기	l-wh-howmuch	여자: 이거 얼마예요? 남자: ___	問いに合う答えを選んでください。	오천 원이에요.	다섯 개예요.	오 층이에요.	다섯 시예요.	1	오천 원이에요.	「얼마예요?(いくら)」には値段 →「오천 원(5千ウォン)」。		
32	TOPIK I (1〜2級)	듣기	듣기	l-wh-age	남자: 몇 살이에요? 여자: ___	問いに合う答えを選んでください。	스무 살이에요.	스무 개예요.	두 시예요.	이 층이에요.	1	스무 살이에요.	「몇 살이에요?(何歳)」には年齢 →「스무 살(20歳)」。		
33	TOPIK I (1〜2級)	듣기	듣기	l-wh-job	여자: 직업이 뭐예요? 남자: ___	問いに合う答えを選んでください。	회사원이에요.	회사에 가요.	회사가 멀어요.	회사를 좋아해요.	1	회사원이에요.	「직업이 뭐예요?(職業は)」には職業 →「회사원(会社員)」。		
34	TOPIK I (1〜2級)	듣기	듣기	l-greet-night	남자: 안녕히 주무세요. 여자: ___	続く言葉として正しいものを選んでください。	네, 안녕히 주무세요.	잘 먹겠습니다.	처음 뵙겠습니다.	어서 오세요.	1	네, 안녕히 주무세요.	就寝のあいさつ「안녕히 주무세요(おやすみなさい)」には同じ言葉を返す。		
35	TOPIK I (1〜2級)	듣기	듣기	l-greet-order	여자: 어서 오세요. 뭘 드릴까요? 남자: ___	続く言葉として正しいものを選んでください。	커피 한 잔 주세요.	안녕히 가세요.	잘 먹겠습니다.	여기 있습니다.	1	커피 한 잔 주세요.	「뭘 드릴까요?(何にしますか)」→ 注文「커피 한 잔 주세요」。		
36	TOPIK I (1〜2級)	듣기	듣기	l-place-postoffice	여자: 이 편지를 일본에 보내고 싶어요. 남자: 네, 무게를 달아 볼게요.	ここはどこですか。	우체국	은행	도서관	약국	1	우체국	「편지(手紙)」「보내다(送る)」→ 郵便局(우체국)。		
37	TOPIK I (1〜2級)	듣기	듣기	l-place-restaurant	남자: 비빔밥 하나하고 냉면 하나 주세요. 여자: 네, 잠시만 기다리세요.	ここはどこですか。	식당	가게	병원	학교	1	식당	料理を注文している → 食堂(식당)。		
38	TOPIK I (1〜2級)	듣기	듣기	l-place-pharmacy	여자: 머리가 아픈데 약 좀 주세요. 남자: 이 약을 하루 세 번 드세요.	ここはどこですか。	약국	병원	가게	미용실	1	약국	「약 좀 주세요(薬をください)」→ 薬局(약국)。		
39	TOPIK I (1〜2級)	듣기	듣기	l-topic-hobby	여자: 취미가 뭐예요? 남자: 저는 그림 그리기를 좋아해요.	二人は何について話していますか。	취미	직업	운동	음식	1	취미	「취미가 뭐예요?(趣味は)」「그림 그리기(絵を描くこと)」→ 趣味(취미)。		
40	TOPIK I (1〜2級)	듣기	듣기	l-topic-cold	남자: 오늘 정말 춥네요. 여자: 네, 어제보다 더 추워요.	二人は何について話していますか。	날씨	계절	시간	장소	1	날씨	「춥다(寒い)」の話 → 天気(날씨)。		
41	TOPIK I (1〜2級)	듣기	듣기	l-do-cook	여자: 지금 뭐 해요? 남자: 저녁을 만들어요.	男性は今、何をしていますか。	요리를 합니다.	청소를 합니다.	운동을 합니다.	잠을 잡니다.	1	요리를 합니다.	「저녁을 만들어요(夕飯を作る)」→ 料理をしている。		
42	TOPIK I (1〜2級)	듣기	듣기	l-match-late	남자: 왜 늦었어요? 여자: 버스를 놓쳐서 늦었어요.	内容と同じものを選んでください。	여자는 버스를 놓쳤습니다.	여자는 일찍 왔습니다.	남자가 늦었습니다.	여자는 택시를 탔습니다.	1	여자는 버스를 놓쳤습니다.	「버스를 놓쳐서(バスに乗り遅れて)」→ 女性はバスに乗り遅れた。		
43	TOPIK I (1〜2級)	읽기	화제 고르기	r-topic-fruit		이것은 사과입니다. 저것은 바나나입니다. 그것은 포도입니다.　何についての話ですか。	과일	채소	운동	계절	1	과일	사과(りんご)・바나나(バナナ)・포도(ぶどう)は果物(과일)。		
44	TOPIK I (1〜2級)	읽기	화제 고르기	r-topic-season		봄은 따뜻합니다. 여름은 덥습니다. 겨울은 춥습니다.　何についての話ですか。	계절	음식	가족	취미	1	계절	봄(春)・여름(夏)・겨울(冬)は季節(계절)。		
45	TOPIK I (1〜2級)	읽기	화제 고르기	r-topic-sport		저는 야구를 좋아합니다. 그리고 축구도 좋아합니다.　何についての話ですか。	운동	공부	여행	날씨	1	운동	야구(野球)・축구(サッカー)は運動(운동)。		
46	TOPIK I (1〜2級)	읽기	화제 고르기	r-topic-food		저는 김치를 좋아합니다. 그리고 불고기도 좋아합니다.　何についての話ですか。	음식	과일	운동	계절	1	음식	김치・불고기は食べ物(음식)。		
47	TOPIK I (1〜2級)	읽기	화제 고르기	r-topic-family		아버지가 있습니다. 어머니가 있습니다. 형도 있습니다.　何についての話ですか。	가족	친구	학교	직업	1	가족	아버지(父)・어머니(母)・형(兄)は家族(가족)。		
48	TOPIK I (1〜2級)	읽기	화제 고르기	r-topic-school		교실이 있습니다. 칠판이 있습니다. 학생들이 공부합니다.　何についての話ですか。	학교	회사	시장	공원	1	학교	교실(教室)・칠판(黒板)・학생(学生)は学校(학교)。		
49	TOPIK I (1〜2級)	읽기	화제 고르기	r-topic-transport		버스를 탑니다. 지하철도 탑니다. 택시도 탑니다.　何についての話ですか。	교통	여행	운동	날씨	1	교통	버스・지하철・택시は交通(교통)。		
50	TOPIK I (1〜2級)	읽기	빈칸 채우기	r-josa-i		저는 학생( ) 아닙니다.　（　）に入るものを選んでください。	이	가	을	에	1	이	「~ではない」は ~이/가 아닙니다。パッチムのある「학생」には 이。		
51	TOPIK I (1〜2級)	읽기	빈칸 채우기	r-josa-e		아침에 학교( ) 갑니다.　（　）に入るものを選んでください。	에	를	이	도	1	에	移動先「~へ」は 에。「학교에 가다(学校へ行く)」。		
52	TOPIK I (1〜2級)	읽기	빈칸 채우기	r-josa-reul		저는 한국어( ) 공부합니다.　（　）に入るものを選んでください。	를	에	이	와	1	를	目的語「~を」は 을/를。母音終わりの「한국어」には 를。		
53	TOPIK I (1〜2級)	읽기	빈칸 채우기	r-josa-wa		친구( ) 같이 영화를 봅니다.　（　）に入るものを選んでください。	와	를	이	에	1	와	「~と一緒に」は ~와/과 같이。母音終わりの「친구」には 와。		
54	TOPIK I (1〜2級)	읽기	빈칸 채우기	r-josa-eseo		도서관( ) 책을 읽습니다.　（　）に入るものを選んでください。	에서	를	이	도	1	에서	動作をする場所「~で」は 에서。「도서관에서 읽다(図書館で読む)」。		
55	TOPIK I (1〜2級)	읽기	빈칸 채우기	r-verb-open		날씨가 덥습니다. 그래서 창문을 ___.　（　）に入るものを選んでください。	엽니다	닫습니다	씻습니다	탑니다	1	엽니다	暑い → 窓を「열다(開ける)」。닫다は閉める。		
56	TOPIK I (1〜2級)	읽기	빈칸 채우기	r-verb-clean		교실이 더럽습니다. 그래서 교실을 ___.　（　）に入るものを選んでください。	청소합니다	공부합니다	구경합니다	출발합니다	1	청소합니다	汚い → 「청소하다(掃除する)」。		
57	TOPIK I (1〜2級)	읽기	빈칸 채우기	r-verb-wear		날씨가 춥습니다. 그래서 따뜻한 옷을 ___.　（　）に入るものを選んでください。	입습니다	벗습니다	씻습니다	엽니다	1	입습니다	寒い → 服を「입다(着る)」。벗다は脱ぐ。		
58	TOPIK I (1〜2級)	읽기	빈칸 채우기	r-verb-wash		손이 더럽습니다. 그래서 손을 ___.　（　）に入るものを選んでください。	씻습니다	입습니다	엽니다	탑니다	1	씻습니다	手が汚い → 「씻다(洗う)」。		
59	TOPIK I (1〜2級)	읽기	빈칸 채우기	r-verb-study		내일 시험이 있습니다. 그래서 열심히 ___.　（　）に入るものを選んでください。	공부합니다	운동합니다	요리합니다	여행합니다	1	공부합니다	試験がある → 「공부하다(勉強する)」。		
60	TOPIK I (1〜2級)	읽기	빈칸 채우기	r-adj-expensive		이 가방은 십만 원입니다. 값이 아주 ___.　（　）に入るものを選んでください。	비쌉니다	쌉니다	짧습니다	낮습니다	1	비쌉니다	10万ウォン → 値段が「비싸다(高い)」。싸다は安い。		
61	TOPIK I (1〜2級)	읽기	빈칸 채우기	r-conj-geuraeseo		배가 고픕니다. ( ) 밥을 먹습니다.　（　）に入るものを選んでください。	그래서	그러나	그리고	그런데	1	그래서	原因→結果は 그래서(だから)。お腹がすいた → だから食べる。		
62	TOPIK I (1〜2級)	읽기	빈칸 채우기	r-conj-geureochiman		비가 옵니다. ( ) 우산이 없습니다.　（　）に入るものを選んでください。	그렇지만	그래서	그리고	그러면	1	그렇지만	逆接「だが」は 그렇지만。雨が降る「だが」傘がない。		
63	TOPIK I (1〜2級)	읽기	빈칸 채우기	r-conj-geurigo		손을 씻습니다. ( ) 밥을 먹습니다.　（　）に入るものを選んでください。	그리고	그러나	그렇지만	그러면	1	그리고	前後を並べる・順序は 그리고(そして)。手を洗う「そして」食べる。		
64	TOPIK I (1〜2級)	읽기	빈칸 채우기	r-counter-myeong		교실에 학생이 다섯 ___ 있습니다.　（　）に入るものを選んでください。	명	개	권	마리	1	명	人を数える単位は「명(人)」。		
65	TOPIK I (1〜2級)	읽기	빈칸 채우기	r-counter-gae		시장에서 사과를 세 ___ 샀습니다.　（　）に入るものを選んでください。	개	명	권	장	1	개	モノを数える単位は「개(個)」。		
66	TOPIK I (1〜2級)	읽기	빈칸 채우기	r-counter-gwon		도서관에서 책을 두 ___ 빌렸습니다.　（　）に入るものを選んでください。	권	개	마리	장	1	권	本を数える単位は「권(冊)」。		
67	TOPIK I (1〜2級)	읽기	빈칸 채우기	r-counter-mari		우리 집에 고양이가 한 ___ 있습니다.　（　）に入るものを選んでください。	마리	명	개	대	1	마리	動物を数える単位は「마리(匹)」。		
68	TOPIK I (1〜2級)	읽기	내용/주제	r-detail-morning		저는 매일 아침 일곱 시에 일어납니다. 그리고 학교에 갑니다. 학교에서 한국어를 배웁니다.　内容と同じものを選んでください。	저는 아침에 일어납니다.	저는 학교에서 일합니다.	저는 한국어를 가르칩니다.	저는 저녁에 학교에 갑니다.	1	저는 아침에 일어납니다.	本文「아침 일곱 시에 일어납니다」と一致。배우다は習う(가르치다=教えるは×)。		
69	TOPIK I (1〜2級)	읽기	내용/주제	r-detail-movie		주말에 친구를 만났습니다. 같이 영화를 봤습니다. 영화가 아주 재미있었습니다.　内容と同じものを選んでください。	주말에 친구를 만났습니다.	혼자 영화를 봤습니다.	영화가 재미없었습니다.	주말에 일을 했습니다.	1	주말에 친구를 만났습니다.	本文「친구를 만났습니다」と一致。같이=一緒に(혼자=一人は×)。		
70	TOPIK I (1〜2級)	읽기	내용/주제	r-detail-exercise		저는 매주 일요일에 운동을 합니다. 아침에 공원에서 달리기를 합니다. 운동 후에는 샤워를 합니다.　内容と同じものを選んでください。	저는 일요일에 운동합니다.	저는 저녁에 운동합니다.	저는 집에서 운동합니다.	저는 운동을 안 합니다.	1	저는 일요일에 운동합니다.	本文「일요일에 운동」と一致。ア침(朝)・공원(公園)なので저녁/집は×。		
71	TOPIK I (1〜2級)	읽기	내용/주제	r-detail-library		우리 집 근처에 도서관이 있습니다. 저는 거기에서 책을 읽습니다. 도서관은 아주 조용합니다.　内容と同じものを選んでください。	집 근처에 도서관이 있습니다.	도서관이 시끄럽습니다.	도서관에서 운동을 합니다.	도서관이 집에서 멉니다.	1	집 근처에 도서관이 있습니다.	本文「집 근처에 도서관」と一致。조용하다=静か(시끄럽다=うるさいは×)。		
72	TOPIK I (1〜2級)	읽기	내용/주제	r-notdetail-class		［한국어 교실 안내］ 시간: 매주 화요일 오후 2시. 장소: 201호. 준비물: 책, 공책.　案内の内容と違うものを選んでください。	수업은 월요일에 합니다.	수업은 화요일에 합니다.	수업은 201호에서 합니다.	책과 공책을 준비합니다.	1	수업은 월요일에 합니다.	授業は화요일(火曜)。「월요일(月曜)」は案内と違う → これが答え。		
73	TOPIK I (1〜2級)	읽기	내용/주제	r-mind-exercise		저는 운동을 좋아합니다. 운동을 하면 기분이 좋습니다. 그래서 매일 운동을 합니다.　中心となる考えを選んでください。	저는 운동을 좋아합니다.	운동은 너무 힘듭니다.	저는 운동을 싫어합니다.	운동은 위험합니다.	1	저는 운동을 좋아합니다.	全体の中心は「운동을 좋아합니다(運動が好き)」。		
74	TOPIK I (1〜2級)	읽기	지문 세트	r-passage-tanaka-1	안녕하세요? 저는 다나카입니다. 일본에서 왔습니다. 지금 한국 회사에서 일합니다. 한국 음식을 좋아합니다. 특히 김치찌개를 자주 먹습니다. 한국 생활이 아주 즐겁습니다.	다나카 씨는 어느 나라 사람입니까?　田中さんはどこの国の人ですか。	일본	한국	중국	미국	1	일본	「일본에서 왔습니다(日本から来た)」→ 日本人。		
75	TOPIK I (1〜2級)	읽기	지문 세트	r-passage-tanaka-2	안녕하세요? 저는 다나카입니다. 일본에서 왔습니다. 지금 한국 회사에서 일합니다. 한국 음식을 좋아합니다. 특히 김치찌개를 자주 먹습니다. 한국 생활이 아주 즐겁습니다.	内容と同じものを選んでください。	다나카 씨는 한국 음식을 좋아합니다.	다나카 씨는 학생입니다.	다나카 씨는 한국에서 태어났습니다.	다나카 씨는 김치찌개를 싫어합니다.	1	다나카 씨는 한국 음식을 좋아합니다.	「한국 음식을 좋아합니다」と一致。회사에서 일하므로学生は×。		
76	TOPIK I (1〜2級)	읽기	지문 세트	r-passage-jeju-1	저는 지난주에 제주도에 갔습니다. 제주도는 경치가 아주 아름다웠습니다. 바다에서 수영도 했습니다. 맛있는 음식도 많이 먹었습니다. 정말 즐거운 여행이었습니다.	이 사람은 지난주에 어디에 갔습니까?　この人は先週どこへ行きましたか。	제주도	서울	부산	일본	1	제주도	「제주도에 갔습니다(済州島へ行った)」。		
77	TOPIK I (1〜2級)	읽기	지문 세트	r-passage-jeju-2	저는 지난주에 제주도에 갔습니다. 제주도는 경치가 아주 아름다웠습니다. 바다에서 수영도 했습니다. 맛있는 음식도 많이 먹었습니다. 정말 즐거운 여행이었습니다.	内容と同じものを選んでください。	제주도에서 수영을 했습니다.	제주도 음식이 맛없었습니다.	제주도 경치가 별로였습니다.	여행이 즐겁지 않았습니다.	1	제주도에서 수영을 했습니다.	「바다에서 수영도 했습니다」と一致。		
78	TOPIK I (1〜2級)	읽기	화제 고르기	r-topic-color		빨간색입니다. 파란색입니다. 노란색입니다.　何についての話ですか。	색깔	과일	계절	운동	1	색깔	빨강·파랑·노랑は色(색깔)。		
79	TOPIK I (1〜2級)	읽기	화제 고르기	r-topic-weather		비가 옵니다. 눈이 옵니다. 바람이 붑니다.　何についての話ですか。	날씨	계절	교통	운동	1	날씨	비(雨)·눈(雪)·바람(風)は天気(날씨)。		
80	TOPIK I (1〜2級)	읽기	화제 고르기	r-topic-body		머리입니다. 손입니다. 발입니다.　何についての話ですか。	몸	옷	음식	가족	1	몸	머리(頭)·손(手)·발(足)は体(몸)。		
81	TOPIK I (1〜2級)	읽기	빈칸 채우기	r-josa-eun		이것( ) 책입니다.　（　）に入るものを選んでください。	은	를	에	와	1	은	主題「~は」は 은/는。パッチムのある「것」には 은。		
82	TOPIK I (1〜2級)	읽기	빈칸 채우기	r-josa-do		저는 사과를 좋아합니다. 바나나( ) 좋아합니다.　（　）に入るものを選んでください。	도	를	이	에서	1	도	「~も」は 도。バナナも好き。		
83	TOPIK I (1〜2級)	읽기	빈칸 채우기	r-josa-hago		빵( ) 우유를 샀습니다.　（　）に入るものを選んでください。	하고	에서	이	를	1	하고	名詞をつなぐ「~と」は 하고。パンと牛乳。		
84	TOPIK I (1〜2級)	읽기	빈칸 채우기	r-verb-sleep		밤이 늦었습니다. 그래서 ___.　（　）に入るものを選んでください。	잡니다	일어납니다	일합니다	운동합니다	1	잡니다	夜が遅い → 「자다(寝る)」。일어나다は起きる。		
85	TOPIK I (1〜2級)	읽기	빈칸 채우기	r-verb-buy		옷이 필요합니다. 그래서 백화점에서 옷을 ___.　（　）に入るものを選んでください。	삽니다	팝니다	버립니다	빌립니다	1	삽니다	服が必要 → デパートで「사다(買う)」。팔다は売る。		
86	TOPIK I (1〜2級)	읽기	빈칸 채우기	r-conj-geuraeseo2		시험이 끝났습니다. ( ) 친구들과 놀았습니다.　（　）に入るものを選んでください。	그래서	그러나	그렇지만	그런데	1	그래서	試験が終わった → だから(그래서)遊んだ。		
87	TOPIK I (1〜2級)	읽기	빈칸 채우기	r-counter-jan		커피 한 ( ) 주세요.　（　）に入るものを選んでください。	잔	개	명	권	1	잔	飲み物を数える単位は「잔(杯)」。		
88	TOPIK I (1〜2級)	읽기	빈칸 채우기	r-counter-dae		주차장에 자동차가 세 ( ) 있습니다.　（　）に入るものを選んでください。	대	마리	명	권	1	대	車・機械を数える単位は「대(台)」。		
89	TOPIK I (1〜2級)	읽기	내용/주제	r-detail-trip		저는 방학에 부산에 갔습니다. 바다를 봤습니다. 회를 먹었습니다. 정말 좋았습니다.　内容と同じものを選んでください。	저는 부산에서 바다를 봤습니다.	저는 산에 갔습니다.	저는 회를 안 먹었습니다.	여행이 안 좋았습니다.	1	저는 부산에서 바다를 봤습니다.	「부산에 갔습니다」「바다를 봤습니다」が一致。		
90	TOPIK I (1〜2級)	읽기	내용/주제	r-detail-market		어제 시장에 갔습니다. 과일과 채소를 샀습니다. 값이 싸고 신선했습니다.　内容と同じものを選んでください。	시장에서 과일을 샀습니다.	백화점에 갔습니다.	값이 비쌌습니다.	아무것도 안 샀습니다.	1	시장에서 과일을 샀습니다.	「과일과 채소를 샀습니다」が一致。값이 쌌다(安かった)。		
91	TOPIK I (1〜2級)	읽기	내용/주제	r-mind-friend		좋은 친구가 있으면 생활이 즐겁습니다. 힘들 때 도와주고 이야기도 들어 줍니다. 그래서 친구는 소중합니다.　中心となる考えを選んでください。	친구는 소중합니다.	친구는 필요 없습니다.	친구는 불편합니다.	혼자가 더 좋습니다.	1	친구는 소중합니다.	「친구는 소중합니다(友達は大切)」が中心。		
92	TOPIK II (3〜6級)	듣기	듣기	t2-l-meeting	여자: 회의가 몇 시에 시작하지요? 남자: 두 시인데, 자료를 미리 준비해 주세요. 여자: ___	続く言葉として正しいものを選んでください。	네, 알겠습니다.	아니요, 회의가 없어요.	두 시가 좋아요.	자료가 어디예요?	1	네, 알겠습니다.	「자료를 준비해 주세요(資料を準備して)」という依頼への応答は「네, 알겠습니다」。		
93	TOPIK II (3〜6級)	듣기	듣기	t2-l-copy	남자: 이 서류 복사 좀 부탁해요. 여자: 네, 몇 부 할까요? 남자: 다섯 부요.	女性はこのあと何をしますか。	서류를 복사합니다.	회의에 갑니다.	서류를 버립니다.	남자를 기다립니다.	1	서류를 복사합니다.	「복사 좀 부탁해요(コピーをお願い)」と頼まれた → 女性は書類をコピーする。		
94	TOPIK II (3〜6級)	듣기	듣기	t2-l-hiking	여자: 주말에 등산 갔다면서요? 어땠어요? 남자: 날씨는 좋았는데 사람이 너무 많아서 좀 힘들었어요.	内容と同じものを選んでください。	남자는 주말에 등산을 갔습니다.	날씨가 나빴습니다.	사람이 적었습니다.	남자는 등산을 안 좋아합니다.	1	남자는 주말에 등산을 갔습니다.	「주말에 등산 갔다면서요」を肯定 → 男性は週末に登山に行った。날씨는 좋았다。		
95	TOPIK II (3〜6級)	듣기	듣기	t2-l-exercise-mind	남자: 요즘 운동을 시작했는데 정말 좋아요. 여자: 힘들지 않아요? 남자: 처음엔 힘들었지만 지금은 건강해진 것 같아서 계속하려고요.	男性の中心となる考えを選んでください。	운동을 계속하고 싶습니다.	운동이 너무 힘듭니다.	운동을 그만두려고 합니다.	운동은 건강에 나쁩니다.	1	운동을 계속하고 싶습니다.	「계속하려고요(続けようと思う)」が中心。健康になった気がするから続けたい。		
96	TOPIK II (3〜6級)	듣기	듣기	t2-l-sale	여자: 손님, 이 옷은 지금 세일 중이라 30% 할인됩니다. 남자: 그래요? 그럼 이걸로 할게요.	女性が話している目的は何ですか。	물건을 팔려고	길을 물어보려고	사과하려고	약속을 정하려고	1	물건을 팔려고	「세일 중이라 할인됩니다(セール中で割引)」と勧めている → 物を売るため。		
97	TOPIK II (3〜6級)	듣기	듣기	t2-l-late	남자: 늦어서 정말 죄송합니다. 길이 너무 막혔어요. 여자: ___	続く言葉として正しいものを選んでください。	괜찮아요. 자, 시작합시다.	네, 빨리 가세요.	길이 어디예요?	고맙습니다.	1	괜찮아요. 자, 시작합시다.	遅刻の謝罪への返事は「괜찮아요(大丈夫です)」。		
98	TOPIK II (3〜6級)	듣기	듣기	t2-l-ticket	여자: 다음 주에 출장 가시죠? 비행기 표는 예약하셨어요? 남자: 아니요, 아직요. 지금 할게요.	男性はこのあとすぐ何をしますか。	비행기 표를 예약합니다.	출장을 갑니다.	회의를 합니다.	여자를 만납니다.	1	비행기 표를 예약합니다.	「아직요. 지금 할게요(まだ、今やります)」→ これから航空券を予約する。		
99	TOPIK II (3〜6級)	듣기	듣기	t2-l-movie	남자: 이번 영화 봤어요? 여자: 네, 봤는데 생각보다 별로였어요. 기대를 많이 했거든요.	内容と同じものを選んでください。	여자는 영화가 기대보다 별로였습니다.	여자는 영화를 안 봤습니다.	영화가 아주 재미있었습니다.	여자는 기대를 안 했습니다.	1	여자는 영화가 기대보다 별로였습니다.	「생각보다 별로였어요(思ったよりいまいち)」が一致。期待は大きかった。		
100	TOPIK II (3〜6級)	듣기	듣기	t2-l-rest-mind	여자: 요즘 일이 너무 많아서 힘들어요. 남자: 그럴 때일수록 좀 쉬어야 해요. 무리하면 건강을 해쳐요.	男性の中心となる考えを選んでください。	바쁠 때도 쉬어야 합니다.	일을 더 해야 합니다.	건강은 중요하지 않습니다.	쉬면 안 됩니다.	1	바쁠 때도 쉬어야 합니다.	「그럴 때일수록 쉬어야 해요(そういう時こそ休むべき)」が中心。		
101	TOPIK II (3〜6級)	듣기	듣기	t2-l-library	여자: 여기 책을 좀 빌리고 싶은데요. 남자: 학생증 보여 주시겠어요? 한 번에 다섯 권까지 가능합니다.	ここはどこですか。	도서관	서점	학교 식당	우체국	1	도서관	「책을 빌리다(借りる)」「학생증」「다섯 권까지」→ 図書館。서점は買う所。		
102	TOPIK II (3〜6級)	듣기	듣기	t2-l-invite	남자: 이번 주말에 시간 있으면 같이 전시회 보러 갈래요? 여자: 좋아요. 몇 시에 만날까요?	男性が話した目的は何ですか。	약속을 정하려고	사과하려고	길을 물어보려고	물건을 사려고	1	약속을 정하려고	「같이 전시회 보러 갈래요?(一緒に行きませんか)」→ 約束を決めるため。		
103	TOPIK II (3〜6級)	듣기	듣기	t2-l-report	여자: 사장님께 보고서를 드려야 하는데 안 계시네요. 남자: 그럼 이메일로 보내 드리세요. 여자: 네, 그렇게 할게요.	女性はこのあと何をしますか。	보고서를 이메일로 보냅니다.	사장님을 기다립니다.	보고서를 다시 씁니다.	회사를 나갑니다.	1	보고서를 이메일로 보냅니다.	「이메일로 보내 드리세요」に「그렇게 할게요」→ 報告書をメールで送る。		
104	TOPIK II (3〜6級)	듣기	듣기	t2-l-korean	남자: 한국어 배운 지 얼마나 됐어요? 여자: 이제 막 일 년 됐어요. 아직 말하기는 어렵지만 듣기는 많이 늘었어요.	内容と同じものを選んでください。	여자는 듣기 실력이 늘었습니다.	여자는 한국어를 십 년 배웠습니다.	여자는 말하기를 잘합니다.	여자는 한국어를 안 배웁니다.	1	여자는 듣기 실력이 늘었습니다.	「듣기는 많이 늘었어요(聞き取りは伸びた)」が一致。学習歴は1年。		
105	TOPIK II (3〜6級)	듣기	듣기	t2-l-book-mind	여자: 요즘 사람들이 책을 잘 안 읽는 것 같아요. 남자: 맞아요. 그래도 책을 읽으면 생각하는 힘이 길러지니까 자주 읽으면 좋겠어요.	男性の中心となる考えを選んでください。	책을 자주 읽는 것이 좋습니다.	책을 읽을 필요가 없습니다.	책은 재미없습니다.	사람들이 책을 많이 읽습니다.	1	책을 자주 읽는 것이 좋습니다.	「자주 읽으면 좋겠어요(よく読むといい)」が中心。		
106	TOPIK II (3〜6級)	듣기	듣기	t2-l-praise	여자: 이번 발표 정말 잘했어요. 준비를 많이 했나 봐요. 남자: ___	続く言葉として正しいものを選んでください。	감사합니다. 열심히 준비했어요.	아니요, 발표가 없어요.	네, 시간이 없어요.	발표가 어디예요?	1	감사합니다. 열심히 준비했어요.	ほめ言葉への自然な返事は「감사합니다(ありがとう)」。		
107	TOPIK II (3〜6級)	듣기	듣기	t2-l-clinic	남자: 어떻게 오셨어요? 여자: 어제부터 목이 아프고 열이 나서요. 남자: 자, 입을 벌려 보세요.	ここはどこですか。	병원	약국	미용실	은행	1	병원	「어떻게 오셨어요?」「목이 아프고 열이」「입을 벌려 보세요」→ 病院。		
108	TOPIK II (3〜6級)	듣기	듣기	t2-l-gimbap	여자: 내일 모임에 음식을 만들어 가려고 하는데 뭐가 좋을까요? 남자: 김밥이 어때요? 여자: 좋네요. 그럼 재료부터 사러 가야겠어요.	女性はこのあと何をしますか。	재료를 사러 갑니다.	김밥을 먹습니다.	모임에 갑니다.	음식을 버립니다.	1	재료를 사러 갑니다.	「재료부터 사러 가야겠어요(材料を買いに行こう)」→ 材料を買いに行く。		
109	TOPIK II (3〜6級)	듣기	듣기	t2-l-phone-mind	남자: 새 휴대폰 샀어요? 여자: 네, 좀 비쌌지만 오래 쓸 거니까 좋은 걸로 샀어요.	女性の中心となる考えを選んでください。	비싸도 좋은 것을 사는 게 낫습니다.	싼 것이 항상 좋습니다.	휴대폰은 필요 없습니다.	휴대폰을 자주 바꿔야 합니다.	1	비싸도 좋은 것을 사는 게 낫습니다.	「오래 쓸 거니까 좋은 걸로(長く使うからいい物を)」→ 高くてもいい物を買う方がよい。		
110	TOPIK II (3〜6級)	듣기	듣기	t2-l-reservation	남자: 여보세요, 내일 저녁 일곱 시에 네 명 예약하고 싶은데요. 여자: 네, 가능합니다. 성함이 어떻게 되세요?	男性が電話をした目的は何ですか。	식당을 예약하려고	길을 물어보려고	음식을 주문하려고	사과하려고	1	식당을 예약하려고	「예약하고 싶은데요(予約したい)」「몇 명」「성함」→ レストランの予約。		
111	TOPIK II (3〜6級)	듣기	듣기	t2-l-umbrella	여자: 밖에 비가 많이 와요. 우산 가져왔어요? 남자: 아니요, 깜빡했어요. 여자: 그럼 제 거 같이 써요.	二人はこのあとどうしますか。	우산을 같이 씁니다.	비를 맞습니다.	우산을 새로 삽니다.	집에 갑니다.	1	우산을 같이 씁니다.	「제 거 같이 써요(私のを一緒に使おう)」→ 傘を一緒にさす。		
112	TOPIK II (3〜6級)	듣기	듣기	t2-l-volunteer	남자: 주말마다 봉사활동 한다면서요? 힘들지 않아요? 여자: 조금 힘들지만 다른 사람을 도우면 제 마음이 더 행복해져요.	女性の中心となる考えを選んでください。	봉사활동은 보람이 있습니다.	봉사활동은 시간 낭비입니다.	봉사활동은 힘들기만 합니다.	봉사활동을 그만두려고 합니다.	1	봉사활동은 보람이 있습니다.	「도우면 제 마음이 더 행복해져요(手伝うと心が幸せ)」→ ボランティアはやりがいがある。		
113	TOPIK II (3〜6級)	듣기	듣기	t2-l-delivery	여자: 어제 주문한 옷이 아직 안 왔어요. 남자: 보통 이삼 일 걸리니까 내일까지 기다려 보세요.	内容と同じものを選んでください。	여자는 옷을 주문했습니다.	옷이 어제 도착했습니다.	남자가 옷을 주문했습니다.	여자는 옷을 환불했습니다.	1	여자는 옷을 주문했습니다.	「어제 주문한 옷(昨日注文した服)」→ 女性が服を注文した。まだ届いていない。		
114	TOPIK II (3〜6級)	듣기	듣기	t2-l-station	남자: 부산까지 가는 표 한 장 주세요. 여자: 다음 기차는 열 시에 있습니다.	ここはどこですか。	기차역	공항	은행	병원	1	기차역	「부산까지 가는 표」「다음 기차(次の汽車)」→ 駅(기차역)。		
115	TOPIK II (3〜6級)	듣기	듣기	t2-l-photo	여자: 사진 좀 찍어 주시겠어요? 남자: ___	続く言葉として正しいものを選んでください。	네, 여기를 보시면 됩니다.	아니요, 사진이 없어요.	사진이 어디예요?	고맙습니다.	1	네, 여기를 보시면 됩니다.	「사진 찍어 주시겠어요?(撮ってもらえますか)」への応答 →「네, 여기를 보시면 됩니다」。		
116	TOPIK II (3〜6級)	듣기	듣기	t2-l-recommend	남자: 이 책 정말 재미있으니까 꼭 한번 읽어 보세요. 여자: 그래요? 그럼 빌려서 읽어 볼게요.	男性が話した目的は何ですか。	책을 추천하려고	책을 빌리려고	책을 사려고	책을 팔려고	1	책을 추천하려고	「꼭 한번 읽어 보세요(ぜひ読んでみて)」→ 本を勧めるため。		
117	TOPIK II (3〜6級)	듣기	듣기	t2-l-earlymind	여자: 아침에 일찍 일어나는 게 정말 힘들어요. 남자: 처음엔 그렇지만 습관이 되면 괜찮아져요. 일찍 일어나면 하루가 길어져서 좋아요.	男性の中心となる考えを選んでください。	일찍 일어나는 습관은 좋습니다.	늦게 자는 것이 좋습니다.	일찍 일어날 필요가 없습니다.	잠을 많이 자야 합니다.	1	일찍 일어나는 습관은 좋습니다.	「습관이 되면 괜찮아져요」「하루가 길어져서 좋아요」→ 早起きの習慣は良い。		
118	TOPIK II (3〜6級)	듣기	듣기	t2-l-borrow	남자: 혹시 펜 좀 빌릴 수 있을까요? 여자: ___	続く言葉として正しいものを選んでください。	네, 여기 있어요.	아니요, 펜이 와요.	펜이 어디예요?	고맙습니다.	1	네, 여기 있어요.	「빌릴 수 있을까요?(借りられますか)」→ 貸す「네, 여기 있어요」。		
119	TOPIK II (3〜6級)	듣기	듣기	t2-l-apology	여자: 어제 약속을 못 지켜서 미안해요. 남자: ___	続く言葉として正しいものを選んでください。	괜찮아요. 다음에 만나요.	네, 빨리 오세요.	약속이 어디예요?	고맙습니다.	1	괜찮아요. 다음에 만나요.	謝罪「미안해요」への返事は「괜찮아요」。		
120	TOPIK II (3〜6級)	듣기	듣기	t2-l-next-print	남자: 회의 자료를 다 만들었어요. 여자: 그럼 인원수대로 인쇄해 주세요. 남자: 네, 알겠습니다.	男性はこのあと何をしますか。	자료를 인쇄합니다.	회의를 시작합니다.	자료를 만듭니다.	여자를 기다립니다.	1	자료를 인쇄합니다.	「인쇄해 주세요」に「알겠습니다」→ 資料を印刷する。		
121	TOPIK II (3〜6級)	듣기	듣기	t2-l-next-call	여자: 식당 예약했어요? 남자: 아직요. 지금 전화할게요.	男性はこのあとすぐ何をしますか。	식당에 전화합니다.	식당에 갑니다.	예약을 취소합니다.	밥을 먹습니다.	1	식당에 전화합니다.	「지금 전화할게요(今電話する)」→ 食堂に電話する。		
122	TOPIK II (3〜6級)	듣기	듣기	t2-l-match-trip	남자: 휴가 때 뭐 했어요? 여자: 원래 여행 가려고 했는데 일이 생겨서 그냥 집에서 쉬었어요.	内容と同じものを選んでください。	여자는 집에서 쉬었습니다.	여자는 여행을 갔습니다.	여자는 일을 하러 갔습니다.	여자는 휴가가 없었습니다.	1	여자는 집에서 쉬었습니다.	「일이 생겨서 그냥 집에서 쉬었어요」→ 家で休んだ(旅行は行けず)。		
123	TOPIK II (3〜6級)	듣기	듣기	t2-l-match-yoga	여자: 요가 수업 어땠어요? 남자: 생각보다 어렵긴 했는데 끝나고 나니까 몸이 가벼워졌어요.	内容と同じものを選んでください。	남자는 요가 수업을 들었습니다.	요가가 아주 쉬웠습니다.	남자는 수업에 안 갔습니다.	끝나고 몸이 무거워졌습니다.	1	남자는 요가 수업을 들었습니다.	感想を述べている → ヨガの授業を受けた。어렵긴 했다(難しかった)。		
124	TOPIK II (3〜6級)	듣기	듣기	t2-l-mind-saving	남자: 매달 조금씩이라도 저금하는 게 좋아요. 여자: 적은 돈인데 의미가 있을까요? 남자: 작은 돈도 모이면 큰 도움이 돼요.	男性の中心となる考えを選んでください。	적은 돈이라도 저금하는 것이 좋습니다.	저금은 할 필요가 없습니다.	큰돈만 저금해야 합니다.	돈을 다 써야 합니다.	1	적은 돈이라도 저금하는 것이 좋습니다.	「작은 돈도 모이면 큰 도움이 돼요」→ 少額でも貯金するのがよい。		
125	TOPIK II (3〜6級)	듣기	듣기	t2-l-mind-walk	여자: 회사가 가까운데 왜 걸어 다녀요? 남자: 운동도 되고 생각도 정리돼서 일부러 걸어요.	男性の中心となる考えを選んでください。	걷는 것이 여러 가지로 좋습니다.	걷는 것은 시간 낭비입니다.	차를 타는 것이 낫습니다.	운동을 싫어합니다.	1	걷는 것이 여러 가지로 좋습니다.	「운동도 되고 생각도 정리돼서」→ 歩くのは色々と良い。		
126	TOPIK II (3〜6級)	듣기	듣기	t2-l-intent-thank	남자: 지난번에 도와주셔서 정말 감사했어요. 덕분에 잘 끝냈어요. 여자: 별말씀을요.	男性が話した目的は何ですか。	감사 인사를 하려고	부탁을 하려고	사과하려고	약속을 정하려고	1	감사 인사를 하려고	「도와주셔서 감사했어요」→ お礼を言うため。		
127	TOPIK II (3〜6級)	듣기	듣기	t2-l-intent-ask	여자: 죄송하지만 이 근처에 약국이 어디 있는지 아세요? 남자: 저 모퉁이를 돌면 바로 있어요.	女性が話した目的は何ですか。	길을 물어보려고	약을 사려고	약속을 하려고	추천하려고	1	길을 물어보려고	「약국이 어디 있는지 아세요?」→ 道を尋ねるため。		
128	TOPIK II (3〜6級)	듣기	듣기	t2-l-place-airport	여자: 여권하고 비행기 표 보여 주시겠어요? 남자: 네, 여기 있습니다. 여자: 짐은 몇 개예요?	ここはどこですか。	공항	기차역	호텔	은행	1	공항	「여권(パスポート)」「비행기 표」「짐(荷物)」→ 空港(공항)。		
129	TOPIK II (3〜6級)	듣기	듣기	t2-l-place-hotel	남자: 이틀 묵을 방을 예약했는데요. 여자: 성함 말씀해 주시면 확인해 드리겠습니다.	ここはどこですか。	호텔	식당	병원	학교	1	호텔	「묵을 방(泊まる部屋)」「예약」→ ホテル(호텔)。		
130	TOPIK II (3〜6級)	듣기	듣기	t2-l-next-out	여자: 비가 그쳤네요. 남자: 그럼 이제 우산은 두고 나갈까요? 여자: 좋아요.	二人はこのあとどうしますか。	밖에 나갑니다.	우산을 폅니다.	집에 있습니다.	우산을 삽니다.	1	밖에 나갑니다.	「비가 그쳤다(雨がやんだ)」「나갈까요?」→ 外に出る。		
131	TOPIK II (3〜6級)	듣기	듣기	t2-l-greet-congrat	남자: 시험에 합격했다면서요? 축하해요! 여자: ___	続く言葉として正しいものを選んでください。	고맙습니다. 운이 좋았어요.	아니요, 시험이 없어요.	시험이 어디예요?	죄송합니다.	1	고맙습니다. 운이 좋았어요.	「축하해요(おめでとう)」への返事は「고맙습니다」。		
132	TOPIK II (3〜6級)	읽기	빈칸 채우기	t2-r-g-baram		비가 많이 ( ) 길이 막혔습니다.　（　）に入る正しいものを選んでください。	오는 바람에	오더라도	올수록	오거나	1	오는 바람에	「-는 바람에」は予期せぬ原因「~のせいで」。雨のせいで道が混んだ。		
133	TOPIK II (3〜6級)	읽기	빈칸 채우기	t2-r-g-surok		운동은 ( ) 건강에 좋습니다.　（　）に入る正しいものを選んでください。	하면 할수록	하는 바람에	하더라도	하거나	1	하면 할수록	「-(으)ㄹ수록」は「~すればするほど」。するほど健康に良い。		
134	TOPIK II (3〜6級)	읽기	빈칸 채우기	t2-r-g-mothago		시간이 없어서 아침을 ( ) 회사에 갔습니다.　（　）に入る正しいものを選んでください。	먹지 못하고	먹고 싶고	먹는 동안	먹기 위해	1	먹지 못하고	時間がなくて朝食を「먹지 못하고(食べられずに)」会社へ行った。		
135	TOPIK II (3〜6級)	읽기	빈칸 채우기	t2-r-g-ttaemune		표가 다 팔렸기 ( ) 영화를 못 봤습니다.　（　）に入る正しいものを選んでください。	때문에	위해서	전에	동안	1	때문에	「-기 때문에」は理由「~ので」。チケットが売り切れたので見られなかった。		
136	TOPIK II (3〜6級)	읽기	빈칸 채우기	t2-r-g-ryeogo		한국에서 일을 ( ) 한국어를 배웁니다.　（　）に入る正しいものを選んでください。	하려고	하지만	하거나	하는데	1	하려고	「-(으)려고」は目的「~しようと」。働くために韓国語を学ぶ。		
137	TOPIK II (3〜6級)	읽기	빈칸 채우기	t2-r-g-neunge		감기에 걸렸을 때는 푹 ( ) 좋습니다.　（　）に入る正しいものを選んでください。	쉬는 게	쉬거나	쉬더라도	쉬는데	1	쉬는 게	「-는 게 좋다」は「~するのがよい」。風邪のときはよく休むのがよい。		
138	TOPIK II (3〜6級)	읽기	빈칸 채우기	t2-r-syn-glad		시험에 합격해서 정말 기쁩니다.　「기쁩니다」と意味が近いものを選んでください。	즐겁습니다	슬픕니다	화납니다	무섭습니다	1	즐겁습니다	「기쁘다(うれしい)」に近いのは「즐겁다(楽しい)」。		
139	TOPIK II (3〜6級)	읽기	빈칸 채우기	t2-r-syn-price		이 가방은 값이 비싸서 안 샀어요.　「값」と同じ意味のものを選んでください。	가격	색깔	크기	무게	1	가격	「값」=「가격(値段)」。		
140	TOPIK II (3〜6級)	읽기	빈칸 채우기	t2-r-syn-usually		주말에는 보통 집에서 쉽니다.　「보통」と意味が近いものを選んでください。	대개	가끔	전혀	갑자기	1	대개	「보통(普通・たいてい)」に近いのは「대개」。가끔=たまに。		
141	TOPIK II (3〜6級)	읽기	빈칸 채우기	t2-r-syn-hard		이 문제는 너무 어렵습니다.　「어렵습니다」と意味が近いものを選んでください。	쉽지 않습니다	재미있습니다	쉽습니다	짧습니다	1	쉽지 않습니다	「어렵다(難しい)」=「쉽지 않다(易しくない)」。		
142	TOPIK II (3〜6級)	읽기	빈칸 채우기	t2-r-v-cancel		친구와 약속을 했는데 갑자기 일이 생겨서 약속을 ( ).　（　）に入る正しいものを選んでください。	취소했습니다	지켰습니다	도착했습니다	출발했습니다	1	취소했습니다	急用ができて約束を「취소하다(キャンセルする)」。지키다=守る。		
143	TOPIK II (3〜6級)	읽기	빈칸 채우기	t2-r-v-pass		면접을 잘 봐서 그 회사에 ( ).　（　）に入る正しいものを選んでください。	합격했습니다	떨어졌습니다	그만뒀습니다	지각했습니다	1	합격했습니다	面接がうまくいって会社に「합격하다(合格する)」。떨어지다=落ちる。		
144	TOPIK II (3〜6級)	읽기	빈칸 채우기	t2-r-v-aircon		방이 너무 더워서 에어컨을 ( ).　（　）に入る正しいものを選んでください。	켰습니다	껐습니다	닫았습니다	잠갔습니다	1	켰습니다	暑いのでエアコンを「켜다(つける)」。끄다=消す。		
145	TOPIK II (3〜6級)	읽기	빈칸 채우기	t2-r-v-ask		길을 몰라서 지나가는 사람에게 길을 ( ).　（　）に入る正しいものを選んでください。	물어봤습니다	대답했습니다	가르쳤습니다	잊어버렸습니다	1	물어봤습니다	道が分からず「물어보다(尋ねる)」。대답하다=答える。		
146	TOPIK II (3〜6級)	읽기	내용/주제	t2-r-d-worker		저는 회사원입니다. 매일 아침 일곱 시에 일어나서 운동을 합니다. 운동을 한 후에 출근합니다. 주말에는 가족과 시간을 보냅니다.　内容と同じものを選んでください。	이 사람은 아침에 운동을 합니다.	이 사람은 학생입니다.	주말에 회사에 갑니다.	저녁에 운동을 합니다.	1	이 사람은 아침에 운동을 합니다.	「아침에 운동을 합니다」が一致。회사원で、出勤前に運動する。		
147	TOPIK II (3〜6級)	읽기	내용/주제	t2-r-d-summer		한국의 여름은 덥고 비가 많이 옵니다. 특히 칠월과 팔월에는 장마가 있어서 비가 자주 옵니다. 그래서 이때는 우산을 꼭 가지고 다니는 것이 좋습니다.　内容と同じものを選んでください。	한국의 여름에는 비가 많이 옵니다.	한국의 여름은 춥습니다.	장마는 겨울에 있습니다.	여름에는 우산이 필요 없습니다.	1	한국의 여름에는 비가 많이 옵니다.	「비가 많이 옵니다」が一致。장마(梅雨)は7〜8月。		
148	TOPIK II (3〜6級)	읽기	내용/주제	t2-r-notdetail-library		［도서관 이용 안내］ 운영 시간: 평일 오전 9시 ~ 오후 6시. 주말은 쉽니다. 한 번에 책 5권까지 빌릴 수 있습니다.　案内の内容と違うものを選んでください。	주말에도 문을 엽니다.	평일에 이용할 수 있습니다.	오후 여섯 시에 닫습니다.	책을 다섯 권까지 빌립니다.	1	주말에도 문을 엽니다.	案内は「주말은 쉽니다(週末は休み)」→「주말에도 문을 엽니다」は違う。		
149	TOPIK II (3〜6級)	읽기	내용/주제	t2-r-theme-exercise		운동은 건강에 좋습니다. 하지만 갑자기 무리하게 운동을 하면 오히려 몸을 다칠 수 있습니다. 그래서 자신의 몸에 맞게 천천히 시작하는 것이 중요합니다.　この文の主題を選んでください。	운동은 자기 몸에 맞게 해야 한다.	운동은 하면 안 된다.	운동은 빨리 해야 한다.	운동은 건강에 나쁘다.	1	운동은 자기 몸에 맞게 해야 한다.	「자신의 몸에 맞게 천천히」が主題。無理は禁物。		
150	TOPIK II (3〜6級)	읽기	내용/주제	t2-r-theme-shopping		요즘은 인터넷으로 물건을 사는 사람이 많습니다. 집에서 편하게 살 수 있고 값도 싼 경우가 많기 때문입니다. 하지만 직접 보지 못하고 사기 때문에 물건이 생각과 다를 때도 있습니다.　この文の中心となる考えを選んでください。	인터넷 쇼핑은 편리하지만 단점도 있다.	인터넷 쇼핑은 항상 좋다.	물건은 가게에서만 사야 한다.	인터넷 쇼핑은 값이 비싸다.	1	인터넷 쇼핑은 편리하지만 단점도 있다.	便利さ(장점)と「생각과 다를 때도 있다」(단점)の両面 → 中心は「便利だが短所もある」。		
151	TOPIK II (3〜6級)	읽기	지문 세트	t2-r-passage-bike-1	지난달부터 자전거로 출퇴근을 시작했습니다. 처음에는 회사까지 가는 데 시간이 오래 걸리고 힘들었습니다. 그렇지만 한 달이 지나니까 몸도 건강해지고 기분도 좋아졌습니다. 무엇보다 차가 막히지 않아서 좋습니다. 앞으로도 계속 자전거를 타려고 합니다.	この人は何について話していますか。	자전거로 출퇴근하는 것	자동차를 사는 것	운동을 그만두는 것	회사를 옮기는 것	1	자전거로 출퇴근하는 것	全体が「자전거로 출퇴근(自転車通勤)」の話。		
152	TOPIK II (3〜6級)	읽기	지문 세트	t2-r-passage-bike-2	지난달부터 자전거로 출퇴근을 시작했습니다. 처음에는 회사까지 가는 데 시간이 오래 걸리고 힘들었습니다. 그렇지만 한 달이 지나니까 몸도 건강해지고 기분도 좋아졌습니다. 무엇보다 차가 막히지 않아서 좋습니다. 앞으로도 계속 자전거를 타려고 합니다.	内容と同じものを選んでください。	이 사람은 앞으로도 자전거를 탈 것입니다.	자전거 타기를 그만두려고 합니다.	자전거를 타면 차가 막힙니다.	처음부터 쉬웠습니다.	1	이 사람은 앞으로도 자전거를 탈 것입니다.	「앞으로도 계속 자전거를 타려고 합니다」が一致。最初は大変だった。		
153	TOPIK II (3〜6級)	읽기	지문 세트	t2-r-passage-invite-1	민수 씨에게. 민수 씨, 다음 주 토요일에 제 생일 파티를 하려고 합니다. 저녁 여섯 시에 우리 집에서 모이기로 했어요. 음식은 제가 준비할 테니까 그냥 편하게 오시면 됩니다. 혹시 못 오시면 미리 연락 주세요. 그럼 토요일에 봐요. - 지영 -	지영 씨는 왜 이 글을 썼습니까?　なぜこの文を書きましたか。	생일 파티에 초대하려고	사과하려고	약속을 취소하려고	음식을 부탁하려고	1	생일 파티에 초대하려고	「생일 파티를 하려고 합니다」→ 誕生日パーティーへの招待。		
154	TOPIK II (3〜6級)	읽기	지문 세트	t2-r-passage-invite-2	민수 씨에게. 민수 씨, 다음 주 토요일에 제 생일 파티를 하려고 합니다. 저녁 여섯 시에 우리 집에서 모이기로 했어요. 음식은 제가 준비할 테니까 그냥 편하게 오시면 됩니다. 혹시 못 오시면 미리 연락 주세요. 그럼 토요일에 봐요. - 지영 -	内容と同じものを選んでください。	파티는 토요일 저녁에 합니다.	파티는 지영 씨 회사에서 합니다.	민수 씨가 음식을 준비합니다.	파티는 오전에 합니다.	1	파티는 토요일 저녁에 합니다.	「토요일 저녁 여섯 시에 우리 집에서」→ 土曜の夕方。料理は지영が準備。		
155	TOPIK II (3〜6級)	읽기	빈칸 채우기	t2-r-g-jamaja		집에 ( ) 잠이 들었습니다.　（　）に入る正しいものを選んでください。	도착하자마자	도착하더라도	도착하는데	도착하거나	1	도착하자마자	「-자마자」は「~するやいなや」。着くやいなや眠ってしまった。		
156	TOPIK II (3〜6級)	읽기	빈칸 채우기	t2-r-g-jeok		저는 제주도에 ( ) 적이 있습니다.　（　）に入る正しいものを選んでください。	가 본	갈	가는	가던	1	가 본	「-(으)ㄴ 적이 있다」は「~したことがある」。過去形「가 본」が入る。		
157	TOPIK II (3〜6級)	읽기	빈칸 채우기	t2-r-g-neundedo		약을 ( ) 감기가 낫지 않았습니다.　（　）に入る正しいものを選んでください。	먹는데도	먹어서	먹으려고	먹자마자	1	먹는데도	「-는데도」は「~のに」。薬を飲んだのに治らなかった。		
158	TOPIK II (3〜6級)	읽기	빈칸 채우기	t2-r-g-jul		저는 수영을 할 ( ) 압니다.　（　）に入る正しいものを選んでください。	줄	수	것	적	1	줄	「-(으)ㄹ 줄 알다」は「~できる/やり方を知っている」。「할 줄 압니다」。		
159	TOPIK II (3〜6級)	읽기	빈칸 채우기	t2-r-syn-soonas		수업이 끝나자마자 집에 갔어요.　「끝나자마자」と意味が近いものを選んでください。	끝난 후에 바로	끝나기 전에	끝나는 동안	끝나지 않아서	1	끝난 후에 바로	「-자마자」≒「~した後すぐ(끝난 후에 바로)」。		
160	TOPIK II (3〜6級)	읽기	빈칸 채우기	t2-r-syn-cheap		이 식당은 음식값이 쌉니다.　「쌉니다」と意味が近いものを選んでください。	저렴합니다	비쌉니다	맛없습니다	부족합니다	1	저렴합니다	「싸다(安い)」=「저렴하다」。비싸다は反対(高い)。		
161	TOPIK II (3〜6級)	읽기	내용/주제	t2-r-d-recycle		쓰레기를 버릴 때는 종류에 따라 나누어 버려야 합니다. 종이, 플라스틱, 캔은 각각 다른 곳에 버립니다. 이렇게 하면 환경을 보호할 수 있습니다.　内容と同じものを選んでください。	쓰레기는 종류에 따라 나누어 버려야 합니다.	쓰레기는 한곳에 모두 버립니다.	쓰레기를 나누면 환경에 나쁩니다.	플라스틱과 종이는 같은 곳에 버립니다.	1	쓰레기는 종류에 따라 나누어 버려야 합니다.	「종류에 따라 나누어 버려야(種類ごとに分けて捨てる)」が一致。		
162	TOPIK II (3〜6級)	읽기	내용/주제	t2-r-theme-habit		건강을 지키려면 좋은 생활 습관이 필요합니다. 규칙적으로 식사하고, 충분히 자고, 매일 조금씩 운동하는 것이 좋습니다. 작은 습관이 건강을 만듭니다.　この文の主題を選んでください。	좋은 생활 습관이 건강을 만든다.	운동은 가끔 하면 된다.	잠은 적게 자야 한다.	식사는 불규칙해도 된다.	1	좋은 생활 습관이 건강을 만든다.	「작은 습관이 건강을 만든다(小さな習慣が健康をつくる)」が主題。		
163	TOPIK II (3〜6級)	읽기	빈칸 채우기	t2-r-g-eulkka		내일 비가 ( ) 봐서 우산을 챙겼습니다.　（　）に入る正しいものを選んでください。	올까	오는데	오더라도	오자마자	1	올까	「-(으)ㄹ까 봐(서)」は「~するかと思って」。雨が降るかと思って傘を用意した。		
164	TOPIK II (3〜6級)	읽기	빈칸 채우기	t2-r-g-neunde		옷을 사러 백화점에 ( ) 문을 닫았습니다.　（　）に入る正しいものを選んでください。	갔는데	가려고	가거나	갈수록	1	갔는데	「-았/었는데」は「~したところ/のに」。行ったら閉まっていた。		
165	TOPIK II (3〜6級)	읽기	빈칸 채우기	t2-r-g-wihae		건강을 지키( ) 매일 운동합니다.　（　）に入る正しいものを選んでください。	기 위해	는 바람에	ㄹ수록	자마자	1	기 위해	「-기 위해」は目的「~するために」。健康を守るために運動する。		
166	TOPIK II (3〜6級)	읽기	빈칸 채우기	t2-r-g-nikka		아직 시간이 ( ) 천천히 가도 됩니다.　（　）に入る正しいものを選んでください。	많으니까	많아도	많지만	많은데도	1	많으니까	「-(으)니까」は理由「~から」。時間が多いからゆっくりでいい。		
167	TOPIK II (3〜6級)	읽기	빈칸 채우기	t2-r-syn-everyday		저는 매일 운동합니다.　「매일」と意味が近いものを選んでください。	날마다	가끔	거의	갑자기	1	날마다	「매일(毎日)」=「날마다」。		
168	TOPIK II (3〜6級)	읽기	빈칸 채우기	t2-r-syn-quickly		늦었으니까 빨리 오세요.　「빨리」と意味が近いものを選んでください。	어서	천천히	조용히	늦게	1	어서	「빨리(早く)」に近いのは「어서」。천천히は反対(ゆっくり)。		
169	TOPIK II (3〜6級)	읽기	빈칸 채우기	t2-r-syn-hard2		이 일은 쉽지 않습니다.　「쉽지 않습니다」と意味が近いものを選んでください。	어렵습니다	간단합니다	즐겁습니다	짧습니다	1	어렵습니다	「쉽지 않다(易しくない)」=「어렵다(難しい)」。		
170	TOPIK II (3〜6級)	읽기	내용/주제	t2-r-d-festival		이번 주말에 우리 동네에서 음악 축제가 열립니다. 여러 가수가 와서 노래를 부릅니다. 입장은 무료입니다. 누구나 올 수 있습니다.　内容と同じものを選んでください。	축제는 무료로 볼 수 있습니다.	축제는 돈을 내야 합니다.	축제에 가수가 안 옵니다.	축제는 평일에 열립니다.	1	축제는 무료로 볼 수 있습니다.	「입장은 무료입니다(入場無料)」が一致。주말に開催。		
171	TOPIK II (3〜6級)	읽기	내용/주제	t2-r-d-wallet		［분실물 안내］ 지갑을 찾았습니다. 검은색이고 안에 카드가 들어 있습니다. 주인은 사무실로 오세요.　内容と同じものを選んでください。	지갑 안에 카드가 있습니다.	지갑은 빨간색입니다.	지갑 안에 돈이 많습니다.	지갑을 잃어버렸습니다.	1	지갑 안에 카드가 있습니다.	「안에 카드가 들어 있습니다」が一致。色は검은색(黒)。		
172	TOPIK II (3〜6級)	읽기	내용/주제	t2-r-notdetail-gym		［헬스장 안내］ 운영: 매일 오전 6시~밤 11시. 요금: 한 달 3만 원. 수건은 무료로 드립니다.　案内の内容と違うものを選んでください。	일요일은 쉽니다.	매일 문을 엽니다.	한 달에 3만 원입니다.	수건은 무료입니다.	1	일요일은 쉽니다.	「매일 운영」とあるので「일요일은 쉽니다」は違う。		
173	TOPIK II (3〜6級)	읽기	내용/주제	t2-r-theme-reading		책을 많이 읽으면 여러 가지 좋은 점이 있습니다. 새로운 지식을 얻고 생각도 넓어집니다. 그래서 저는 시간이 날 때마다 책을 읽습니다.　この文の主題を選んでください。	독서는 좋은 점이 많다.	책은 너무 비싸다.	독서는 지루하다.	책을 읽을 시간이 없다.	1	독서는 좋은 점이 많다.	「여러 가지 좋은 점」が主題 → 読書は良い点が多い。		
174	TOPIK II (3〜6級)	읽기	내용/주제	t2-r-theme-time		시간은 누구에게나 똑같이 주어집니다. 하지만 어떻게 쓰는지에 따라 결과가 달라집니다. 그래서 시간을 잘 관리하는 것이 중요합니다.　この文の主題を選んでください。	시간 관리가 중요하다.	시간은 사람마다 다르다.	시간은 중요하지 않다.	결과는 운에 달렸다.	1	시간 관리가 중요하다.	「시간을 잘 관리하는 것이 중요하다」が主題。		
175	TOPIK II (3〜6級)	읽기	지문 세트	t2-r-passage-cafe-1	집 근처에 작은 카페가 새로 생겼습니다. 커피 맛도 좋고 직원도 친절합니다. 무엇보다 자리가 넓어서 책을 읽거나 공부하기에 좋습니다. 그래서 저는 주말마다 그곳에 갑니다.	이 사람은 카페에 왜 자주 갑니까?　なぜよくカフェに行きますか。	책을 읽거나 공부하기 좋아서	집에서 멀어서	커피가 공짜라서	친구가 일해서	1	책을 읽거나 공부하기 좋아서	「자리가 넓어서 책을 읽거나 공부하기에 좋다」が理由。		
176	TOPIK II (3〜6級)	읽기	지문 세트	t2-r-passage-cafe-2	집 근처에 작은 카페가 새로 생겼습니다. 커피 맛도 좋고 직원도 친절합니다. 무엇보다 자리가 넓어서 책을 읽거나 공부하기에 좋습니다. 그래서 저는 주말마다 그곳에 갑니다.	内容と同じものを選んでください。	카페 직원이 친절합니다.	카페가 시끄럽습니다.	자리가 좁습니다.	커피 맛이 없습니다.	1	카페 직원이 친절합니다.	「직원도 친절합니다」が一致。		
